地名,センター,燃やせるごみ・スプレー缶,枝・葉・草,燃やせないごみ,容器プラ,雑がみ,びん・缶・ペット
中央区(1) 南4条西7丁目・8丁目（南4条通の南側のみ）,札幌センター1,月 木,20260909 20261007 20261104 20261202 20270526 20270623 20270721 20270818 20270915,20260923 20261021 20261118 20261216 20270120 20270217 20270317 20270414 20270512 20270609 20270707 20270804 20270901 20270929,金,20260902 20260916 20260930 20261014 20261028 20261111 20261125 20261209 20261223 20270113 20270127 20270210 20270224 20270310 20270324 20270407 20270421 20270505 20270519 20270602 20270616 20270630 20270714 20270728 20270811 20270825 20270908 20270922,火
中央区(1) 南5条～8条の西7丁目・8丁目（南7条西8丁目1024番地を除く）,札幌センター1,月 木,20260909 20261007 20261104 20261202 20270526 20270623 20270721 20270818 20270915,20260923 20261021 20261118 20261216 20270120 20270217 20270317 20270414 20270512 20270609 20270707 20270804 20270901 20270929,金,20260902 20260916 20260930 20261014 20261028 20261111 20261125 20261209 20261223 20270113 20270127 20270210 20270224 20270310 20270324 20270407 20270421 20270505 20270519 20270602 20270616 20270630 20270714 20270728 20270811 20270825 20270908 20270922,火
中央区(1) 南9条西4丁目～6丁目（南9条通の南側のみ）,札幌センター1,月 木,20260909 20261007 20261104 20261202 20270526 20270623 20270721 20270818 20270915,20260923 20261021 20261118 20261216 20270120 20270217 20270317 20270414 20270512 20270609 20270707 20270804 20270901 20270929,金,20260902 20260916 20260930 20261014 20261028 20261111 20261125 20261209 20261223 20270113 20270127 20270210 20270224 20270310 20270324 20270407 20270421 20270505 20270519 20270602 20270616 20270630 20270714 20270728 20270811 20270825 20270908 20270922,火
中央区(1) 南9条西7丁目～12丁目,札幌センター1,月 木,20260909 20261007 20261104 20261202 20270526 20270623 20270721 20270818 20270915,20260923 20261021 20261118 20261216 20270120 20270217 20270317 20270414 20270512 20270609 20270707 20270804 20270901 20270929,金,20260902 20260916 20260930 20261014 20261028 20261111 20261125 20261209 20261223 20270113 20270127 20270210 20270224 20270310 20270324 20270407 20270421 20270505 20270519 20270602 20270616 20270630 20270714 20270728 20270811 20270825 20270908 20270922,火
中央区(1) 南10条～13条の西5丁目～12丁目,札幌センター1,月 木,20260909 20261007 20261104 20261202 20270526 20270623 20270721 20270818 20270915,20260923 20261021 20261118 20261216 20270120 20270217 20270317 20270414 20270512 20270609 20270707 20270804 20270901 20270929,金,20260902 20260916 20260930 20261014 20261028 20261111 20261125 20261209 20261223 20270113 20270127 20270210 20270224 20270310 20270324 20270407 20270421 20270505 20270519 20270602 20270616 20270630 20270714 20270728 20270811 20270825 20270908 20270922,火
中央区(1) 南14条西5丁目,札幌センター1,月 木,20260909 20261007 20261104 20261202 20270526 20270623 20270721 20270818 20270915,20260923 20261021 20261118 20261216 20270120 20270217 20270317 20270414 20270512 20270609 20270707 20270804 20270901 20270929,金,20260902 20260916 20260930 20261014 20261028 20261111 20261125 20261209 20261223 20270113 20270127 20270210 20270224 20270310 20270324 20270407 20270421 20270505 20270519 20270602 20270616 20270630 20270714 20270728 20270811 20270825 20270908 20270922,火
中央区(1) 南14条西6丁目～12丁目（行啓通の北側のみ）,札幌センター1,月 木,20260909 20261007 20261104 20261202 20270526 20270623 20270721 20270818 20270915,20260923 20261021 20261118 20261216 20270120 20270217 20270317 20270414 20270512 20270609 20270707 20270804 20270901 20270929,金,20260902 20260916 20260930 20261014 20261028 20261111 20261125 20261209 20261223 20270113 20270127 20270210 20270224 20270310 20270324 20270407 20270421 20270505 20270519 20270602 20270616 20270630 20270714 20270728 20270811 20270825 20270908 20270922,火
中央区(2) 南14条西6丁目～12丁目（行啓通の南側のみ）,札幌センター1,月 木,20260908 20261006 20261103 20261201 20270525 20270622 20270720 20270817 20270914,20260922 20261020 20261117 20261215 20270119 20270216 20270316 20270413 20270511 20270608 20270706 20270803 20270831 20270928,水,20260901 20260915 20260929 20261013 20261027 20261110 20261124 20261208 20261222 20270112 20270126 20270209 20270223 20270309 20270323 20270406 20270420 20270504 20270518 20270601 20270615 20270629 20270713 20270727 20270810 20270824 20270907 20270921,金
中央区(2) 南15条西4丁目～12丁目,札幌センター1,月 木,20260908 20261006 20261103 20261201 20270525 20270622 20270720 20270817 20270914,20260922 20261020 20261117 20261215 20270119 20270216 20270316 20270413 20270511 20270608 20270706 20270803 20270831 20270928,水,20260901 20260915 20260929 20261013 20261027 20261110 20261124 20261208 20261222 20270112 20270126 20270209 20270223 20270309 20270323 20270406 20270420 20270504 20270518 20270601 20270615 20270629 20270713 20270727 20270810 20270824 20270907 20270921,金
中央区(2) 南16条西1丁目～12丁目,札幌センター1,月 木,20260908 20261006 20261103 20261201 20270525 20270622 20270720 20270817 20270914,20260922 20261020 20261117 20261215 20270119 20270216 20270316 20270413 20270511 20270608 20270706 20270803 20270831 20270928,水,20260901 20260915 20260929 20261013 20261027 20261110 20261124 20261208 20261222 20270112 20270126 20270209 20270223 20270309 20270323 20270406 20270420 20270504 20270518 20270601 20270615 20270629 20270713 20270727 20270810 20270824 20270907 20270921,金
中央区(2) 南17条西4丁目～15丁目,札幌センター1,月 木,20260908 20261006 20261103 20261201 20270525 20270622 20270720 20270817 20270914,20260922 20261020 20261117 20261215 20270119 20270216 20270316 20270413 20270511 20270608 20270706 20270803 20270831 20270928,水,20260901 20260915 20260929 20261013 20261027 20261110 20261124 20261208 20261222 20270112 20270126 20270209 20270223 20270309 20270323 20270406 20270420 20270504 20270518 20270601 20270615 20270629 20270713 20270727 20270810 20270824 20270907 20270921,金
中央区(2) 南17条西16・17丁目（南17条通の南側のみ）,札幌センター1,月 木,20260908 20261006 20261103 20261201 20270525 20270622 20270720 20270817 20270914,20260922 20261020 20261117 20261215 20270119 20270216 20270316 20270413 20270511 20270608 20270706 20270803 20270831 20270928,水,20260901 20260915 20260929 20261013 20261027 20261110 20261124 20261208 20261222 20270112 20270126 20270209 20270223 20270309 20270323 20270406 20270420 20270504 20270518 20270601 20270615 20270629 20270713 20270727 20270810 20270824 20270907 20270921,金
中央区(2) 南18条～30条の西○丁目,札幌センター1,月 木,20260908 20261006 20261103 20261201 20270525 20270622 20270720 20270817 20270914,20260922 20261020 20261117 20261215 20270119 20270216 20270316 20270413 20270511 20270608 20270706 20270803 20270831 20270928,水,20260901 20260915 20260929 20261013 20261027 20261110 20261124 20261208 20261222 20270112 20270126 20270209 20270223 20270309 20270323 20270406 20270420 20270504 20270518 20270601 20270615 20270629 20270713 20270727 20270810 20270824 20270907 20270921,金
中央区(3) 南3条西11丁目・12丁目（南3条通の南側のみ）,札幌センター1,月 木,20260911 20261009 20261106 20261204 20270528 20270625 20270723 20270820 20270917,20260925 20261023 20261120 20261218 20270122 20270219 20270319 20270416 20270514 20270611 20270709 20270806 20270903,火,20260904 20260918 20261002 20261016 20261030 20261113 20261127 20261211 20261225 20270115 20270129 20270212 20270226 20270312 20270326 20270409 20270423 20270507 20270521 20270604 20270618 20270702 20270716 20270730 20270813 20270827 20270910 20270924,水
中央区(3) 南4条西9丁目・10丁目（南4条通の南側のみ）,札幌センター1,月 木,20260911 20261009 20261106 20261204 20270528 20270625 20270723 20270820 20270917,20260925 20261023 20261120 20261218 20270122 20270219 20270319 20270416 20270514 20270611 20270709 20270806 20270903,火,20260904 20260918 20261002 20261016 20261030 20261113 20261127 20261211 20261225 20270115 20270129 20270212 20270226 20270312 20270326 20270409 20270423 20270507 20270521 20270604 20270618 20270702 20270716 20270730 20270813 20270827 20270910 20270924,水
中央区(3) 南4条西11丁目～27丁目,札幌センター1,月 木,20260911 20261009 20261106 20261204 20270528 20270625 20270723 20270820 20270917,20260925 20261023 20261120 20261218 20270122 20270219 20270319 20270416 20270514 20270611 20270709 20270806 20270903,火,20260904 20260918 20261002 20261016 20261030 20261113 20261127 20261211 20261225 20270115 20270129 20270212 20270226 20270312 20270326 20270409 20270423 20270507 20270521 20270604 20270618 20270702 20270716 20270730 20270813 20270827 20270910 20270924,水
中央区(3) 南5条～8条の西9丁目～27丁目,札幌センター1,月 木,20260911 20261009 20261106 20261204 20270528 20270625 20270723 20270820 20270917,20260925 20261023 20261120 20261218 20270122 20270219 20270319 20270416 20270514 20270611 20270709 20270806 20270903,火,20260904 20260918 20261002 20261016 20261030 20261113 20261127 20261211 20261225 20270115 20270129 20270212 20270226 20270312 20270326 20270409 20270423 20270507 20270521 20270604 20270618 20270702 20270716 20270730 20270813 20270827 20270910 20270924,水
中央区(3) 南7条西8丁目1024番地,札幌センター1,月 木,20260911 20261009 20261106 20261204 20270528 20270625 20270723 20270820 20270917,20260925 20261023 20261120 20261218 20270122 20270219 20270319 20270416 20270514 20270611 20270709 20270806 20270903,火,20260904 20260918 20261002 20261016 20261030 20261113 20261127 20261211 20261225 20270115 20270129 20270212 20270226 20270312 20270326 20270409 20270423 20270507 20270521 20270604 20270618 20270702 20270716 20270730 20270813 20270827 20270910 20270924,水
中央区(3) 南9条～16条の西13丁目～23丁目,札幌センター1,月 木,20260911 20261009 20261106 20261204 20270528 20270625 20270723 20270820 20270917,20260925 20261023 20261120 20261218 20270122 20270219 20270319 20270416 20270514 20270611 20270709 20270806 20270903,火,20260904 20260918 20261002 20261016 20261030 20261113 20261127 20261211 20261225 20270115 20270129 20270212 20270226 20270312 20270326 20270409 20270423 20270507 20270521 20270604 20270618 20270702 20270716 20270730 20270813 20270827 20270910 20270924,水
中央区(3) 南17条西16丁目・17丁目（南17条通の北側のみ）,札幌センター1,月 木,20260911 20261009 20261106 20261204 20270528 20270625 20270723 20270820 20270917,20260925 20261023 20261120 20261218 20270122 20270219 20270319 20270416 20270514 20270611 20270709 20270806 20270903,火,20260904 20260918 20261002 20261016 20261030 20261113 20261127 20261211 20261225 20270115 20270129 20270212 20270226 20270312 20270326 20270409 20270423 20270507 20270521 20270604 20270618 20270702 20270716 20270730 20270813 20270827 20270910 20270924,水
中央区(3) 南17条西18丁目,札幌センター1,月 木,20260911 20261009 20261106 20261204 20270528 20270625 20270723 20270820 20270917,20260925 20261023 20261120 20261218 20270122 20270219 20270319 20270416 20270514 20270611 20270709 20270806 20270903,火,20260904 20260918 20261002 20261016 20261030 20261113 20261127 20261211 20261225 20270115 20270129 20270212 20270226 20270312 20270326 20270409 20270423 20270507 20270521 20270604 20270618 20270702 20270716 20270730 20270813 20270827 20270910 20270924,水
中央区(3) 円山・双子山・界川・旭ヶ丘・伏見,札幌センター1,月 木,20260911 20261009 20261106 20261204 20270528 20270625 20270723 20270820 20270917,20260925 20261023 20261120 20261218 20270122 20270219 20270319 20270416 20270514 20270611 20270709 20270806 20270903,火,20260904 20260918 20261002 20261016 20261030 20261113 20261127 20261211 20261225 20270115 20270129 20270212 20270226 20270312 20270326 20270409 20270423 20270507 20270521 20270604 20270618 20270702 20270716 20270730 20270813 20270827 20270910 20270924,水
中央区(3) 円山西町（9丁目5番、6番のみ）,札幌センター1,月 木,20260911 20261009 20261106 20261204 20270528 20270625 20270723 20270820 20270917,20260925 20261023 20261120 20261218 20270122 20270219 20270319 20270416 20270514 20270611 20270709 20270806 20270903,火,20260904 20260918 20261002 20261016 20261030 20261113 20261127 20261211 20261225 20270115 20270129 20270212 20270226 20270312 20270326 20270409 20270423 20270507 20270521 20270604 20270618 20270702 20270716 20270730 20270813 20270827 20270910 20270924,水
中央区(4) 北1条西10丁目～19丁目（北1条通の北側のみ）,札幌センター1,火 金,20260907 20261005 20261102 20261130 20270524 20270621 20270719 20270816 20270913,20260921 20261019 20261116 20261214 20270118 20270215 20270315 20270412 20270510 20270607 20270705 20270802 20270830 20270927,水,20260914 20260928 20261012 20261026 20261109 20261123 20261207 20261221 20270111 20270125 20270208 20270222 20270308 20270322 20270405 20270419 20270503 20270517 20270531 20270614 20270628 20270712 20270726 20270809 20270823 20270906 20270920,木
中央区(4) 北2条西8丁目～19丁目,札幌センター1,火 金,20260907 20261005 20261102 20261130 20270524 20270621 20270719 20270816 20270913,20260921 20261019 20261116 20261214 20270118 20270215 20270315 20270412 20270510 20270607 20270705 20270802 20270830 20270927,水,20260914 20260928 20261012 20261026 20261109 20261123 20261207 20261221 20270111 20270125 20270208 20270222 20270308 20270322 20270405 20270419 20270503 20270517 20270531 20270614 20270628 20270712 20270726 20270809 20270823 20270906 20270920,木
中央区(4) 北3条・4条の西8丁目～20丁目,札幌センター1,火 金,20260907 20261005 20261102 20261130 20270524 20270621 20270719 20270816 20270913,20260921 20261019 20261116 20261214 20270118 20270215 20270315 20270412 20270510 20270607 20270705 20270802 20270830 20270927,水,20260914 20260928 20261012 20261026 20261109 20261123 20261207 20261221 20270111 20270125 20270208 20270222 20270308 20270322 20270405 20270419 20270503 20270517 20270531 20270614 20270628 20270712 20270726 20270809 20270823 20270906 20270920,木
中央区(4) 北5条～11条の西9丁目～20丁目,札幌センター1,火 金,20260907 20261005 20261102 20261130 20270524 20270621 20270719 20270816 20270913,20260921 20261019 20261116 20261214 20270118 20270215 20270315 20270412 20270510 20270607 20270705 20270802 20270830 20270927,水,20260914 20260928 20261012 20261026 20261109 20261123 20261207 20261221 20270111 20270125 20270208 20270222 20270308 20270322 20270405 20270419 20270503 20270517 20270531 20270614 20270628 20270712 20270726 20270809 20270823 20270906 20270920,木
中央区(4) 北12条～14条の西15丁目～19丁目,札幌センター1,火 金,20260907 20261005 20261102 20261130 20270524 20270621 20270719 20270816 20270913,20260921 20261019 20261116 20261214 20270118 20270215 20270315 20270412 20270510 20270607 20270705 20270802 20270830 20270927,水,20260914 20260928 20261012 20261026 20261109 20261123 20261207 20261221 20270111 20270125 20270208 20270222 20270308 20270322 20270405 20270419 20270503 20270517 20270531 20270614 20270628 20270712 20270726 20270809 20270823 20270906 20270920,木
中央区(4) 北15条～22条の西○丁目,札幌センター1,火 金,20260907 20261005 20261102 20261130 20270524 20270621 20270719 20270816 20270913,20260921 20261019 20261116 20261214 20270118 20270215 20270315 20270412 20270510 20270607 20270705 20270802 20270830 20270927,水,20260914 20260928 20261012 20261026 20261109 20261123 20261207 20261221 20270111 20270125 20270208 20270222 20270308 20270322 20270405 20270419 20270503 20270517 20270531 20270614 20270628 20270712 20270726 20270809 20270823 20270906 20270920,木
中央区(5) 大通西20丁目～28丁目,札幌センター1,火 金,20260910 20261008 20261105 20261203 20270527 20270624 20270722 20270819 20270916,20260924 20261022 20261119 20261217 20270121 20270218 20270318 20270415 20270513 20270610 20270708 20270805 20270902,月,20260903 20260917 20261001 20261015 20261029 20261112 20261126 20261210 20261224 20270114 20270128 20270211 20270225 20270311 20270325 20270408 20270422 20270506 20270520 20270603 20270617 20270701 20270715 20270729 20270812 20270826 20270909 20270923,水
中央区(5) 南1条～3条の西20丁目～28丁目,札幌センター1,火 金,20260910 20261008 20261105 20261203 20270527 20270624 20270722 20270819 20270916,20260924 20261022 20261119 20261217 20270121 20270218 20270318 20270415 20270513 20270610 20270708 20270805 20270902,月,20260903 20260917 20261001 20261015 20261029 20261112 20261126 20261210 20261224 20270114 20270128 20270211 20270225 20270311 20270325 20270408 20270422 20270506 20270520 20270603 20270617 20270701 20270715 20270729 20270812 20270826 20270909 20270923,水
中央区(5) 北1条・2条の西20丁目～28丁目,札幌センター1,火 金,20260910 20261008 20261105 20261203 20270527 20270624 20270722 20270819 20270916,20260924 20261022 20261119 20261217 20270121 20270218 20270318 20270415 20270513 20270610 20270708 20270805 20270902,月,20260903 20260917 20261001 20261015 20261029 20261112 20261126 20261210 20261224 20270114 20270128 20270211 20270225 20270311 20270325 20270408 20270422 20270506 20270520 20270603 20270617 20270701 20270715 20270729 20270812 20270826 20270909 20270923,水
中央区(5) 北3条～11条の西21丁目～30丁目,札幌センター1,火 金,20260910 20261008 20261105 20261203 20270527 20270624 20270722 20270819 20270916,20260924 20261022 20261119 20261217 20270121 20270218 20270318 20270415 20270513 20270610 20270708 20270805 20270902,月,20260903 20260917 20261001 20261015 20261029 20261112 20261126 20261210 20261224 20270114 20270128 20270211 20270225 20270311 20270325 20270408 20270422 20270506 20270520 20270603 20270617 20270701 20270715 20270729 20270812 20270826 20270909 20270923,水
中央区(5) 北12条西20丁目～23丁目,札幌センター1,火 金,20260910 20261008 20261105 20261203 20270527 20270624 20270722 20270819 20270916,20260924 20261022 20261119 20261217 20270121 20270218 20270318 20270415 20270513 20270610 20270708 20270805 20270902,月,20260903 20260917 20261001 20261015 20261029 20261112 20261126 20261210 20261224 20270114 20270128 20270211 20270225 20270311 20270325 20270408 20270422 20270506 20270520 20270603 20270617 20270701 20270715 20270729 20270812 20270826 20270909 20270923,水
中央区(5) 北14条西20丁目,札幌センター1,火 金,20260910 20261008 20261105 20261203 20270527 20270624 20270722 20270819 20270916,20260924 20261022 20261119 20261217 20270121 20270218 20270318 20270415 20270513 20270610 20270708 20270805 20270902,月,20260903 20260917 20261001 20261015 20261029 20261112 20261126 20261210 20261224 20270114 20270128 20270211 20270225 20270311 20270325 20270408 20270422 20270506 20270520 20270603 20270617 20270701 20270715 20270729 20270812 20270826 20270909 20270923,水
中央区(5) 宮の森・宮ヶ丘・盤渓,札幌センター1,火 金,20260910 20261008 20261105 20261203 20270527 20270624 20270722 20270819 20270916,20260924 20261022 20261119 20261217 20270121 20270218 20270318 20270415 20270513 20270610 20270708 20270805 20270902,月,20260903 20260917 20261001 20261015 20261029 20261112 20261126 20261210 20261224 20270114 20270128 20270211 20270225 20270311 20270325 20270408 20270422 20270506 20270520 20270603 20270617 20270701 20270715 20270729 20270812 20270826 20270909 20270923,水
中央区(5) 円山西町（9丁目5番、6番を除く）,札幌センター1,火 金,20260910 20261008 20261105 20261203 20270527 20270624 20270722 20270819 20270916,20260924 20261022 20261119 20261217 20270121 20270218 20270318 20270415 20270513 20270610 20270708 20270805 20270902,月,20260903 20260917 20261001 20261015 20261029 20261112 20261126 20261210 20261224 20270114 20270128 20270211 20270225 20270311 20270325 20270408 20270422 20270506 20270520 20270603 20270617 20270701 20270715 20270729 20270812 20270826 20270909 20270923,水
中央区(6) 大通西1丁目～19丁目,札幌センター1,火 金,20260909 20261007 20261104 20261202 20270526 20270623 20270721 20270818 20270915,20260923 20261021 20261118 20261216 20270120 20270217 20270317 20270414 20270512 20270609 20270707 20270804 20270901 20270929,木,20260902 20260916 20260930 20261014 20261028 20261111 20261125 20261209 20261223 20270113 20270127 20270210 20270224 20270310 20270324 20270407 20270421 20270505 20270519 20270602 20270616 20270630 20270714 20270728 20270811 20270825 20270908 20270922,月
中央区(6) 大通東○丁目,札幌センター1,火 金,20260909 20261007 20261104 20261202 20270526 20270623 20270721 20270818 20270915,20260923 20261021 20261118 20261216 20270120 20270217 20270317 20270414 20270512 20270609 20270707 20270804 20270901 20270929,木,20260902 20260916 20260930 20261014 20261028 20261111 20261125 20261209 20261223 20270113 20270127 20270210 20270224 20270310 20270324 20270407 20270421 20270505 20270519 20270602 20270616 20270630 20270714 20270728 20270811 20270825 20270908 20270922,月
中央区(6) 南○条東○丁目,札幌センター1,火 金,20260909 20261007 20261104 20261202 20270526 20270623 20270721 20270818 20270915,20260923 20261021 20261118 20261216 20270120 20270217 20270317 20270414 20270512 20270609 20270707 20270804 20270901 20270929,木,20260902 20260916 20260930 20261014 20261028 20261111 20261125 20261209 20261223 20270113 20270127 20270210 20270224 20270310 20270324 20270407 20270421 20270505 20270519 20270602 20270616 20270630 20270714 20270728 20270811 20270825 20270908 20270922,月
中央区(6) 北○条東○丁目,札幌センター1,火 金,20260909 20261007 20261104 20261202 20270526 20270623 20270721 20270818 20270915,20260923 20261021 20261118 20261216 20270120 20270217 20270317 20270414 20270512 20270609 20270707 20270804 20270901 20270929,木,20260902 20260916 20260930 20261014 20261028 20261111 20261125 20261209 20261223 20270113 20270127 20270210 20270224 20270310 20270324 20270407 20270421 20270505 20270519 20270602 20270616 20270630 20270714 20270728 20270811 20270825 20270908 20270922,月
中央区(6) 南1条・2条の西1丁目～19丁目,札幌センター1,火 金,20260909 20261007 20261104 20261202 20270526 20270623 20270721 20270818 20270915,20260923 20261021 20261118 20261216 20270120 20270217 20270317 20270414 20270512 20270609 20270707 20270804 20270901 20270929,木,20260902 20260916 20260930 20261014 20261028 20261111 20261125 20261209 20261223 20270113 20270127 20270210 20270224 20270310 20270324 20270407 20270421 20270505 20270519 20270602 20270616 20270630 20270714 20270728 20270811 20270825 20270908 20270922,月
中央区(6) 南3条西1丁目～10丁目・13丁目～18丁目,札幌センター1,火 金,20260909 20261007 20261104 20261202 20270526 20270623 20270721 20270818 20270915,20260923 20261021 20261118 20261216 20270120 20270217 20270317 20270414 20270512 20270609 20270707 20270804 20270901 20270929,木,20260902 20260916 20260930 20261014 20261028 20261111 20261125 20261209 20261223 20270113 20270127 20270210 20270224 20270310 20270324 20270407 20270421 20270505 20270519 20270602 20270616 20270630 20270714 20270728 20270811 20270825 20270908 20270922,月
中央区(6) 南3条西11丁目・12丁目（南3条通の北側のみ）,札幌センター1,火 金,20260909 20261007 20261104 20261202 20270526 20270623 20270721 20270818 20270915,20260923 20261021 20261118 20261216 20270120 20270217 20270317 20270414 20270512 20270609 20270707 20270804 20270901 20270929,木,20260902 20260916 20260930 20261014 20261028 20261111 20261125 20261209 20261223 20270113 20270127 20270210 20270224 20270310 20270324 20270407 20270421 20270505 20270519 20270602 20270616 20270630 20270714 20270728 20270811 20270825 20270908 20270922,月
中央区(6) 南4条西1丁目～6丁目,札幌センター1,火 金,20260909 20261007 20261104 20261202 20270526 20270623 20270721 20270818 20270915,20260923 20261021 20261118 20261216 20270120 20270217 20270317 20270414 20270512 20270609 20270707 20270804 20270901 20270929,木,20260902 20260916 20260930 20261014 20261028 20261111 20261125 20261209 20261223 20270113 20270127 20270210 20270224 20270310 20270324 20270407 20270421 20270505 20270519 20270602 20270616 20270630 20270714 20270728 20270811 20270825 20270908 20270922,月
中央区(6) 南4条西7丁目～10丁目（南4条通の北側のみ）,札幌センター1,火 金,20260909 20261007 20261104 20261202 20270526 20270623 20270721 20270818 20270915,20260923 20261021 20261118 20261216 20270120 20270217 20270317 20270414 20270512 20270609 20270707 20270804 20270901 20270929,木,20260902 20260916 20260930 20261014 20261028 20261111 20261125 20261209 20261223 20270113 20270127 20270210 20270224 20270310 20270324 20270407 20270421 20270505 20270519 20270602 20270616 20270630 20270714 20270728 20270811 20270825 20270908 20270922,月
中央区(6) 南5条～8条の西1丁目～6丁目,札幌センター1,火 金,20260909 20261007 20261104 20261202 20270526 20270623 20270721 20270818 20270915,20260923 20261021 20261118 20261216 20270120 20270217 20270317 20270414 20270512 20270609 20270707 20270804 20270901 20270929,木,20260902 20260916 20260930 20261014 20261028 20261111 20261125 20261209 20261223 20270113 20270127 20270210 20270224 20270310 20270324 20270407 20270421 20270505 20270519 20270602 20270616 20270630 20270714 20270728 20270811 20270825 20270908 20270922,月
中央区(6) 南9条西1丁目～3丁目,札幌センター1,火 金,20260909 20261007 20261104 20261202 20270526 20270623 20270721 20270818 20270915,20260923 20261021 20261118 20261216 20270120 20270217 20270317 20270414 20270512 20270609 20270707 20270804 20270901 20270929,木,20260902 20260916 20260930 20261014 20261028 20261111 20261125 20261209 20261223 20270113 20270127 20270210 20270224 20270310 20270324 20270407 20270421 20270505 20270519 20270602 20270616 20270630 20270714 20270728 20270811 20270825 20270908 20270922,月
中央区(6) 南9条西4丁目～6丁目（南9条通の北側のみ）,札幌センター1,火 金,20260909 20261007 20261104 20261202 20270526 20270623 20270721 20270818 20270915,20260923 20261021 20261118 20261216 20270120 20270217 20270317 20270414 20270512 20270609 20270707 20270804 20270901 20270929,木,20260902 20260916 20260930 20261014 20261028 20261111 20261125 20261209 20261223 20270113 20270127 20270210 20270224 20270310 20270324 20270407 20270421 20270505 20270519 20270602 20270616 20270630 20270714 20270728 20270811 20270825 20270908 20270922,月
中央区(6) 南10条～15条の西1丁目～3丁目,札幌センター1,火 金,20260909 20261007 20261104 20261202 20270526 20270623 20270721 20270818 20270915,20260923 20261021 20261118 20261216 20270120 20270217 20270317 20270414 20270512 20270609 20270707 20270804 20270901 20270929,木,20260902 20260916 20260930 20261014 20261028 20261111 20261125 20261209 20261223 20270113 20270127 20270210 20270224 20270310 20270324 20270407 20270421 20270505 20270519 20270602 20270616 20270630 20270714 20270728 20270811 20270825 20270908 20270922,月
中央区(6) 北1条西1丁目～9丁目,札幌センター1,火 金,20260909 20261007 20261104 20261202 20270526 20270623 20270721 20270818 20270915,20260923 20261021 20261118 20261216 20270120 20270217 20270317 20270414 20270512 20270609 20270707 20270804 20270901 20270929,木,20260902 20260916 20260930 20261014 20261028 20261111 20261125 20261209 20261223 20270113 20270127 20270210 20270224 20270310 20270324 20270407 20270421 20270505 20270519 20270602 20270616 20270630 20270714 20270728 20270811 20270825 20270908 20270922,月
中央区(6) 北1条西10丁目～19丁目（北1条通の南側のみ）,札幌センター1,火 金,20260909 20261007 20261104 20261202 20270526 20270623 20270721 20270818 20270915,20260923 20261021 20261118 20261216 20270120 20270217 20270317 20270414 20270512 20270609 20270707 20270804 20270901 20270929,木,20260902 20260916 20260930 20261014 20261028 20261111 20261125 20261209 20261223 20270113 20270127 20270210 20270224 20270310 20270324 20270407 20270421 20270505 20270519 20270602 20270616 20270630 20270714 20270728 20270811 20270825 20270908 20270922,月
中央区(6) 北2条～4条の西1丁目～7丁目,札幌センター1,火 金,20260909 20261007 20261104 20261202 20270526 20270623 20270721 20270818 20270915,20260923 20261021 20261118 20261216 20270120 20270217 20270317 20270414 20270512 20270609 20270707 20270804 20270901 20270929,木,20260902 20260916 20260930 20261014 20261028 20261111 20261125 20261209 20261223 20270113 20270127 20270210 20270224 20270310 20270324 20270407 20270421 20270505 20270519 20270602 20270616 20270630 20270714 20270728 20270811 20270825 20270908 20270922,月
中央区(6) 北5条西1丁目～8丁目,札幌センター1,火 金,20260909 20261007 20261104 20261202 20270526 20270623 20270721 20270818 20270915,20260923 20261021 20261118 20261216 20270120 20270217 20270317 20270414 20270512 20270609 20270707 20270804 20270901 20270929,木,20260902 20260916 20260930 20261014 20261028 20261111 20261125 20261209 20261223 20270113 20270127 20270210 20270224 20270310 20270324 20270407 20270421 20270505 20270519 20270602 20270616 20270630 20270714 20270728 20270811 20270825 20270908 20270922,月
中央区(6) 中島公園,札幌センター1,火 金,20260909 20261007 20261104 20261202 20270526 20270623 20270721 20270818 20270915,20260923 20261021 20261118 20261216 20270120 20270217 20270317 20270414 20270512 20270609 20270707 20270804 20270901 20270929,木,20260902 20260916 20260930 20261014 20261028 20261111 20261125 20261209 20261223 20270113 20270127 20270210 20270224 20270310 20270324 20270407 20270421 20270505 20270519 20270602 20270616 20270630 20270714 20270728 20270811 20270825 20270908 20270922,月
厚別区(1) 厚別西○条○丁目、○番地,札幌センター1,月 木,20260918 20261016 20261113 20270507 20270604 20270702 20270730 20270827 20270924,20260904 20261002 20261030 20261127 20261225 20270129 20270226 20270326 20270423 20270521 20270618 20270716 20270813 20270910,火,20260911 20260925 20261009 20261023 20261106 20261120 20261204 20261218 20270108 20270122 20270205 20270219 20270305 20270319 20270402 20270416 20270430 20270514 20270528 20270611 20270625 20270709 20270723 20270806 20270820 20270903 20270917,水
厚別区(1) 厚別北○条○丁目,札幌センター1,月 木,20260918 20261016 20261113 20270507 20270604 20270702 20270730 20270827 20270924,20260904 20261002 20261030 20261127 20261225 20270129 20270226 20270326 20270423 20270521 20270618 20270716 20270813 20270910,火,20260911 20260925 20261009 20261023 20261106 20261120 20261204 20261218 20270108 20270122 20270205 20270219 20270305 20270319 20270402 20270416 20270430 20270514 20270528 20270611 20270625 20270709 20270723 20270806 20270820 20270903 20270917,水
厚別区(1) 厚別町山本○番地,札幌センター1,月 木,20260918 20261016 20261113 20270507 20270604 20270702 20270730 20270827 20270924,20260904 20261002 20261030 20261127 20261225 20270129 20270226 20270326 20270423 20270521 20270618 20270716 20270813 20270910,火,20260911 20260925 20261009 20261023 20261106 20261120 20261204 20261218 20270108 20270122 20270205 20270219 20270305 20270319 20270402 20270416 20270430 20270514 20270528 20270611 20270625 20270709 20270723 20270806 20270820 20270903 20270917,水
厚別区(1) 厚別町小野幌○番地（JR函館本線の北側）,札幌センター1,月 木,20260918 20261016 20261113 20270507 20270604 20270702 20270730 20270827 20270924,20260904 20261002 20261030 20261127 20261225 20270129 20270226 20270326 20270423 20270521 20270618 20270716 20270813 20270910,火,20260911 20260925 20261009 20261023 20261106 20261120 20261204 20261218 20270108 20270122 20270205 20270219 20270305 20270319 20270402 20270416 20270430 20270514 20270528 20270611 20270625 20270709 20270723 20270806 20270820 20270903 20270917,水
厚別区(2) 厚別中央1条1丁目～4丁目、7丁目,札幌センター1,月 木,20260916 20261014 20261111 20261209 20270505 20270602 20270630 20270728 20270825 20270922,20260902 20260930 20261028 20261125 20261223 20270127 20270224 20270324 20270421 20270519 20270616 20270714 20270811 20270908,火,20260909 20260923 20261007 20261021 20261104 20261118 20261202 20261216 20270106 20270120 20270203 20270217 20270303 20270317 20270331 20270414 20270428 20270512 20270526 20270609 20270623 20270707 20270721 20270804 20270818 20270901 20270915 20270929,金
厚別区(2) 厚別中央2条～5条の○丁目,札幌センター1,月 木,20260916 20261014 20261111 20261209 20270505 20270602 20270630 20270728 20270825 20270922,20260902 20260930 20261028 20261125 20261223 20270127 20270224 20270324 20270421 20270519 20270616 20270714 20270811 20270908,火,20260909 20260923 20261007 20261021 20261104 20261118 20261202 20261216 20270106 20270120 20270203 20270217 20270303 20270317 20270331 20270414 20270428 20270512 20270526 20270609 20270623 20270707 20270721 20270804 20270818 20270901 20270915 20270929,金
厚別区(2) 青葉町11丁目・12丁目、14丁目～16丁目,札幌センター1,月 木,20260916 20261014 20261111 20261209 20270505 20270602 20270630 20270728 20270825 20270922,20260902 20260930 20261028 20261125 20261223 20270127 20270224 20270324 20270421 20270519 20270616 20270714 20270811 20270908,火,20260909 20260923 20261007 20261021 20261104 20261118 20261202 20261216 20270106 20270120 20270203 20270217 20270303 20270317 20270331 20270414 20270428 20270512 20270526 20270609 20270623 20270707 20270721 20270804 20270818 20270901 20270915 20270929,金
厚別区(3) 厚別南○丁目,札幌センター1,月 木,20260916 20261014 20261111 20261209 20270505 20270602 20270630 20270728 20270825 20270922,20260902 20260930 20261028 20261125 20261223 20270127 20270224 20270324 20270421 20270519 20270616 20270714 20270811 20270908,金,20260909 20260923 20261007 20261021 20261104 20261118 20261202 20261216 20270106 20270120 20270203 20270217 20270303 20270317 20270331 20270414 20270428 20270512 20270526 20270609 20270623 20270707 20270721 20270804 20270818 20270901 20270915 20270929,火
厚別区(3) 上野幌○条○丁目,札幌センター1,月 木,20260916 20261014 20261111 20261209 20270505 20270602 20270630 20270728 20270825 20270922,20260902 20260930 20261028 20261125 20261223 20270127 20270224 20270324 20270421 20270519 20270616 20270714 20270811 20270908,金,20260909 20260923 20261007 20261021 20261104 20261118 20261202 20261216 20270106 20270120 20270203 20270217 20270303 20270317 20270331 20270414 20270428 20270512 20270526 20270609 20270623 20270707 20270721 20270804 20270818 20270901 20270915 20270929,火
厚別区(3) 厚別町上野幌○番地,札幌センター1,月 木,20260916 20261014 20261111 20261209 20270505 20270602 20270630 20270728 20270825 20270922,20260902 20260930 20261028 20261125 20261223 20270127 20270224 20270324 20270421 20270519 20270616 20270714 20270811 20270908,金,20260909 20260923 20261007 20261021 20261104 20261118 20261202 20261216 20270106 20270120 20270203 20270217 20270303 20270317 20270331 20270414 20270428 20270512 20270526 20270609 20270623 20270707 20270721 20270804 20270818 20270901 20270915 20270929,火
厚別区(3) 大谷地西○丁目、東○丁目,札幌センター1,月 木,20260916 20261014 20261111 20261209 20270505 20270602 20270630 20270728 20270825 20270922,20260902 20260930 20261028 20261125 20261223 20270127 20270224 20270324 20270421 20270519 20270616 20270714 20270811 20270908,金,20260909 20260923 20261007 20261021 20261104 20261118 20261202 20261216 20270106 20270120 20270203 20270217 20270303 20270317 20270331 20270414 20270428 20270512 20270526 20270609 20270623 20270707 20270721 20270804 20270818 20270901 20270915 20270929,火
厚別区(3) 青葉町1丁目～10丁目、13丁目,札幌センター1,月 木,20260916 20261014 20261111 20261209 20270505 20270602 20270630 20270728 20270825 20270922,20260902 20260930 20261028 20261125 20261223 20270127 20270224 20270324 20270421 20270519 20270616 20270714 20270811 20270908,金,20260909 20260923 20261007 20261021 20261104 20261118 20261202 20261216 20270106 20270120 20270203 20270217 20270303 20270317 20270331 20270414 20270428 20270512 20270526 20270609 20270623 20270707 20270721 20270804 20270818 20270901 20270915 20270929,火
厚別区(3) 厚別中央1条5丁目・6丁目,札幌センター1,月 木,20260916 20261014 20261111 20261209 20270505 20270602 20270630 20270728 20270825 20270922,20260902 20260930 20261028 20261125 20261223 20270127 20270224 20270324 20270421 20270519 20270616 20270714 20270811 20270908,金,20260909 20260923 20261007 20261021 20261104 20261118 20261202 20261216 20270106 20270120 20270203 20270217 20270303 20270317 20270331 20270414 20270428 20270512 20270526 20270609 20270623 20270707 20270721 20270804 20270818 20270901 20270915 20270929,火
厚別区(4) 厚別東○条○丁目,札幌センター1,月 木,20260915 20261013 20261110 20261208 20270504 20270601 20270629 20270727 20270824 20270921,20260901 20260929 20261027 20261124 20261222 20270126 20270223 20270323 20270420 20270518 20270615 20270713 20270810 20270907,水,20260908 20260922 20261006 20261020 20261103 20261117 20261201 20261215 20261229 20270119 20270202 20270216 20270302 20270316 20270330 20270413 20270427 20270511 20270525 20270608 20270622 20270706 20270720 20270803 20270817 20270831 20270914 20270928,金
厚別区(4) 厚別町下野幌○番地,札幌センター1,月 木,20260915 20261013 20261110 20261208 20270504 20270601 20270629 20270727 20270824 20270921,20260901 20260929 20261027 20261124 20261222 20270126 20270223 20270323 20270420 20270518 20270615 20270713 20270810 20270907,水,20260908 20260922 20261006 20261020 20261103 20261117 20261201 20261215 20261229 20270119 20270202 20270216 20270302 20270316 20270330 20270413 20270427 20270511 20270525 20270608 20270622 20270706 20270720 20270803 20270817 20270831 20270914 20270928,金
厚別区(4) もみじ台東・西・南・北の○丁目,札幌センター1,月 木,20260915 20261013 20261110 20261208 20270504 20270601 20270629 20270727 20270824 20270921,20260901 20260929 20261027 20261124 20261222 20270126 20270223 20270323 20270420 20270518 20270615 20270713 20270810 20270907,水,20260908 20260922 20261006 20261020 20261103 20261117 20261201 20261215 20261229 20270119 20270202 20270216 20270302 20270316 20270330 20270413 20270427 20270511 20270525 20270608 20270622 20270706 20270720 20270803 20270817 20270831 20270914 20270928,金
厚別区(4) 厚別町小野幌○番地（JR函館本線の南側）,札幌センター1,月 木,20260915 20261013 20261110 20261208 20270504 20270601 20270629 20270727 20270824 20270921,20260901 20260929 20261027 20261124 20261222 20270126 20270223 20270323 20270420 20270518 20270615 20270713 20270810 20270907,水,20260908 20260922 20261006 20261020 20261103 20261117 20261201 20261215 20261229 20270119 20270202 20270216 20270302 20270316 20270330 20270413 20270427 20270511 20270525 20270608 20270622 20270706 20270720 20270803 20270817 20270831 20270914 20270928,金
厚別区(4) 下野幌テクノパーク○丁目,札幌センター1,月 木,20260915 20261013 20261110 20261208 20270504 20270601 20270629 20270727 20270824 20270921,20260901 20260929 20261027 20261124 20261222 20270126 20270223 20270323 20270420 20270518 20270615 20270713 20270810 20270907,水,20260908 20260922 20261006 20261020 20261103 20261117 20261201 20261215 20261229 20270119 20270202 20270216 20270302 20270316 20270330 20270413 20270427 20270511 20270525 20270608 20270622 20270706 20270720 20270803 20270817 20270831 20270914 20270928,金
白石区(1) 中央○条○丁目,札幌センター1,火 金,20260916 20261014 20261111 20261209 20270505 20270602 20270630 20270728 20270825 20270922,20260902 20260930 20261028 20261125 20261223 20270127 20270224 20270324 20270421 20270519 20270616 20270714 20270811 20270908,月,20260909 20260923 20261007 20261021 20261104 20261118 20261202 20261216 20270106 20270120 20270203 20270217 20270303 20270317 20270331 20270414 20270428 20270512 20270526 20270609 20270623 20270707 20270721 20270804 20270818 20270901 20270915 20270929,木
白石区(1) 本通1丁目～14丁目（南北）,札幌センター1,火 金,20260916 20261014 20261111 20261209 20270505 20270602 20270630 20270728 20270825 20270922,20260902 20260930 20261028 20261125 20261223 20270127 20270224 20270324 20270421 20270519 20270616 20270714 20270811 20270908,月,20260909 20260923 20261007 20261021 20261104 20261118 20261202 20261216 20270106 20270120 20270203 20270217 20270303 20270317 20270331 20270414 20270428 20270512 20270526 20270609 20270623 20270707 20270721 20270804 20270818 20270901 20270915 20270929,木
白石区(1) 平和通1丁目～14丁目（南北）,札幌センター1,火 金,20260916 20261014 20261111 20261209 20270505 20270602 20270630 20270728 20270825 20270922,20260902 20260930 20261028 20261125 20261223 20270127 20270224 20270324 20270421 20270519 20270616 20270714 20270811 20270908,月,20260909 20260923 20261007 20261021 20261104 20261118 20261202 20261216 20270106 20270120 20270203 20270217 20270303 20270317 20270331 20270414 20270428 20270512 20270526 20270609 20270623 20270707 20270721 20270804 20270818 20270901 20270915 20270929,木
白石区(1) 本郷通1丁目～13丁目（南北）,札幌センター1,火 金,20260916 20261014 20261111 20261209 20270505 20270602 20270630 20270728 20270825 20270922,20260902 20260930 20261028 20261125 20261223 20270127 20270224 20270324 20270421 20270519 20270616 20270714 20270811 20270908,月,20260909 20260923 20261007 20261021 20261104 20261118 20261202 20261216 20270106 20270120 20270203 20270217 20270303 20270317 20270331 20270414 20270428 20270512 20270526 20270609 20270623 20270707 20270721 20270804 20270818 20270901 20270915 20270929,木
白石区(1) 南郷通1丁目～14丁目（南北）,札幌センター1,火 金,20260916 20261014 20261111 20261209 20270505 20270602 20270630 20270728 20270825 20270922,20260902 20260930 20261028 20261125 20261223 20270127 20270224 20270324 20270421 20270519 20270616 20270714 20270811 20270908,月,20260909 20260923 20261007 20261021 20261104 20261118 20261202 20261216 20270106 20270120 20270203 20270217 20270303 20270317 20270331 20270414 20270428 20270512 20270526 20270609 20270623 20270707 20270721 20270804 20270818 20270901 20270915 20270929,木
白石区(1) 栄通1丁目～14丁目,札幌センター1,火 金,20260916 20261014 20261111 20261209 20270505 20270602 20270630 20270728 20270825 20270922,20260902 20260930 20261028 20261125 20261223 20270127 20270224 20270324 20270421 20270519 20270616 20270714 20270811 20270908,月,20260909 20260923 20261007 20261021 20261104 20261118 20261202 20261216 20270106 20270120 20270203 20270217 20270303 20270317 20270331 20270414 20270428 20270512 20270526 20270609 20270623 20270707 20270721 20270804 20270818 20270901 20270915 20270929,木
白石区(2) 北郷○条○丁目、○番地,札幌センター1,火 金,20260914 20261012 20261109 20261207 20270503 20270531 20270628 20270726 20270823 20270920,20260928 20261026 20261123 20261221 20270125 20270222 20270322 20270419 20270517 20270614 20270712 20270809 20270906,木,20260907 20260921 20261005 20261019 20261102 20261116 20261130 20261214 20261228 20270118 20270201 20270215 20270301 20270315 20270329 20270412 20270426 20270510 20270524 20270607 20270621 20270705 20270719 20270802 20270816 20270830 20270913 20270927,水
白石区(2) 川北○条○丁目、○番地,札幌センター1,火 金,20260914 20261012 20261109 20261207 20270503 20270531 20270628 20270726 20270823 20270920,20260928 20261026 20261123 20261221 20270125 20270222 20270322 20270419 20270517 20270614 20270712 20270809 20270906,木,20260907 20260921 20261005 20261019 20261102 20261116 20261130 20261214 20261228 20270118 20270201 20270215 20270301 20270315 20270329 20270412 20270426 20270510 20270524 20270607 20270621 20270705 20270719 20270802 20270816 20270830 20270913 20270927,水
白石区(2) 川下○条○丁目、○番地,札幌センター1,火 金,20260914 20261012 20261109 20261207 20270503 20270531 20270628 20270726 20270823 20270920,20260928 20261026 20261123 20261221 20270125 20270222 20270322 20270419 20270517 20270614 20270712 20270809 20270906,木,20260907 20260921 20261005 20261019 20261102 20261116 20261130 20261214 20261228 20270118 20270201 20270215 20270301 20270315 20270329 20270412 20270426 20270510 20270524 20270607 20270621 20270705 20270719 20270802 20270816 20270830 20270913 20270927,水
白石区(2) 菊水元町○条○丁目,札幌センター1,火 金,20260914 20261012 20261109 20261207 20270503 20270531 20270628 20270726 20270823 20270920,20260928 20261026 20261123 20261221 20270125 20270222 20270322 20270419 20270517 20270614 20270712 20270809 20270906,木,20260907 20260921 20261005 20261019 20261102 20261116 20261130 20261214 20261228 20270118 20270201 20270215 20270301 20270315 20270329 20270412 20270426 20270510 20270524 20270607 20270621 20270705 20270719 20270802 20270816 20270830 20270913 20270927,水
白石区(2) 東米里○番地,札幌センター1,火 金,20260914 20261012 20261109 20261207 20270503 20270531 20270628 20270726 20270823 20270920,20260928 20261026 20261123 20261221 20270125 20270222 20270322 20270419 20270517 20270614 20270712 20270809 20270906,木,20260907 20260921 20261005 20261019 20261102 20261116 20261130 20261214 20261228 20270118 20270201 20270215 20270301 20270315 20270329 20270412 20270426 20270510 20270524 20270607 20270621 20270705 20270719 20270802 20270816 20270830 20270913 20270927,水
白石区(2) 米里○条○丁目,札幌センター1,火 金,20260914 20261012 20261109 20261207 20270503 20270531 20270628 20270726 20270823 20270920,20260928 20261026 20261123 20261221 20270125 20270222 20270322 20270419 20270517 20270614 20270712 20270809 20270906,木,20260907 20260921 20261005 20261019 20261102 20261116 20261130 20261214 20261228 20270118 20270201 20270215 20270301 20270315 20270329 20270412 20270426 20270510 20270524 20270607 20270621 20270705 20270719 20270802 20270816 20270830 20270913 20270927,水
白石区(3) 東札幌○条○丁目,札幌センター1,火 金,20260917 20261015 20261112 20261210 20270506 20270603 20270701 20270729 20270826 20270923,20260903 20261001 20261029 20261126 20261224 20270128 20270225 20270325 20270422 20270520 20270617 20270715 20270812 20270909,水,20260910 20260924 20261008 20261022 20261105 20261119 20261203 20261217 20270107 20270121 20270204 20270218 20270304 20270318 20270401 20270415 20270429 20270513 20270527 20270610 20270624 20270708 20270722 20270805 20270819 20270902 20270916,月
白石区(3) 菊水○条○丁目,札幌センター1,火 金,20260917 20261015 20261112 20261210 20270506 20270603 20270701 20270729 20270826 20270923,20260903 20261001 20261029 20261126 20261224 20270128 20270225 20270325 20270422 20270520 20270617 20270715 20270812 20270909,水,20260910 20260924 20261008 20261022 20261105 20261119 20261203 20261217 20270107 20270121 20270204 20270218 20270304 20270318 20270401 20270415 20270429 20270513 20270527 20270610 20270624 20270708 20270722 20270805 20270819 20270902 20270916,月
白石区(3) 菊水上町○条○丁目,札幌センター1,火 金,20260917 20261015 20261112 20261210 20270506 20270603 20270701 20270729 20270826 20270923,20260903 20261001 20261029 20261126 20261224 20270128 20270225 20270325 20270422 20270520 20270617 20270715 20270812 20270909,水,20260910 20260924 20261008 20261022 20261105 20261119 20261203 20261217 20270107 20270121 20270204 20270218 20270304 20270318 20270401 20270415 20270429 20270513 20270527 20270610 20270624 20270708 20270722 20270805 20270819 20270902 20270916,月
白石区(4) 本通15丁目～21丁目（南北）,札幌センター1,月 木,20260916 20261014 20261111 20261209 20270505 20270602 20270630 20270728 20270825 20270922,20260902 20260930 20261028 20261125 20261223 20270127 20270224 20270324 20270421 20270519 20270616 20270714 20270811 20270908,金,20260909 20260923 20261007 20261021 20261104 20261118 20261202 20261216 20270106 20270120 20270203 20270217 20270303 20270317 20270331 20270414 20270428 20270512 20270526 20270609 20270623 20270707 20270721 20270804 20270818 20270901 20270915 20270929,火
白石区(4) 平和通15丁目～17丁目（南北）,札幌センター1,月 木,20260916 20261014 20261111 20261209 20270505 20270602 20270630 20270728 20270825 20270922,20260902 20260930 20261028 20261125 20261223 20270127 20270224 20270324 20270421 20270519 20270616 20270714 20270811 20270908,金,20260909 20260923 20261007 20261021 20261104 20261118 20261202 20261216 20270106 20270120 20270203 20270217 20270303 20270317 20270331 20270414 20270428 20270512 20270526 20270609 20270623 20270707 20270721 20270804 20270818 20270901 20270915 20270929,火
白石区(4) 南郷通15丁目～21丁目（南北）,札幌センター1,月 木,20260916 20261014 20261111 20261209 20270505 20270602 20270630 20270728 20270825 20270922,20260902 20260930 20261028 20261125 20261223 20270127 20270224 20270324 20270421 20270519 20270616 20270714 20270811 20270908,金,20260909 20260923 20261007 20261021 20261104 20261118 20261202 20261216 20270106 20270120 20270203 20270217 20270303 20270317 20270331 20270414 20270428 20270512 20270526 20270609 20270623 20270707 20270721 20270804 20270818 20270901 20270915 20270929,火
白石区(4) 栄通15丁目～21丁目,札幌センター1,月 木,20260916 20261014 20261111 20261209 20270505 20270602 20270630 20270728 20270825 20270922,20260902 20260930 20261028 20261125 20261223 20270127 20270224 20270324 20270421 20270519 20270616 20270714 20270811 20270908,金,20260909 20260923 20261007 20261021 20261104 20261118 20261202 20261216 20270106 20270120 20270203 20270217 20270303 20270317 20270331 20270414 20270428 20270512 20270526 20270609 20270623 20270707 20270721 20270804 20270818 20270901 20270915 20270929,火
白石区(4) 流通センター1丁目～7丁目,札幌センター1,月 木,20260916 20261014 20261111 20261209 20270505 20270602 20270630 20270728 20270825 20270922,20260902 20260930 20261028 20261125 20261223 20270127 20270224 20270324 20270421 20270519 20270616 20270714 20270811 20270908,金,20260909 20260923 20261007 20261021 20261104 20261118 20261202 20261216 20270106 20270120 20270203 20270217 20270303 20270317 20270331 20270414 20270428 20270512 20270526 20270609 20270623 20270707 20270721 20270804 20270818 20270901 20270915 20270929,火
手稲区(1) 西宮の沢○条○丁目,札幌センター1,火 金,20260903 20261001 20261029 20261126 20270520 20270617 20270715 20270812 20270909,20260917 20261015 20261112 20261210 20270114 20270211 20270311 20270408 20270506 20270603 20270701 20270729 20270826 20270923,水,20260910 20260924 20261008 20261022 20261105 20261119 20261203 20261217 20270107 20270121 20270204 20270218 20270304 20270318 20270401 20270415 20270429 20270513 20270527 20270610 20270624 20270708 20270722 20270805 20270819 20270902 20270916,月
手稲区(1) 富丘○条○丁目,札幌センター1,火 金,20260903 20261001 20261029 20261126 20270520 20270617 20270715 20270812 20270909,20260917 20261015 20261112 20261210 20270114 20270211 20270311 20270408 20270506 20270603 20270701 20270729 20270826 20270923,水,20260910 20260924 20261008 20261022 20261105 20261119 20261203 20261217 20270107 20270121 20270204 20270218 20270304 20270318 20270401 20270415 20270429 20270513 20270527 20270610 20270624 20270708 20270722 20270805 20270819 20270902 20270916,月
手稲区(1) 手稲本町○条○丁目,札幌センター1,火 金,20260903 20261001 20261029 20261126 20270520 20270617 20270715 20270812 20270909,20260917 20261015 20261112 20261210 20270114 20270211 20270311 20270408 20270506 20270603 20270701 20270729 20270826 20270923,水,20260910 20260924 20261008 20261022 20261105 20261119 20261203 20261217 20270107 20270121 20270204 20270218 20270304 20270318 20270401 20270415 20270429 20270513 20270527 20270610 20270624 20270708 20270722 20270805 20270819 20270902 20270916,月
手稲区(1) 手稲本町○番地,札幌センター1,火 金,20260903 20261001 20261029 20261126 20270520 20270617 20270715 20270812 20270909,20260917 20261015 20261112 20261210 20270114 20270211 20270311 20270408 20270506 20270603 20270701 20270729 20270826 20270923,水,20260910 20260924 20261008 20261022 20261105 20261119 20261203 20261217 20270107 20270121 20270204 20270218 20270304 20270318 20270401 20270415 20270429 20270513 20270527 20270610 20270624 20270708 20270722 20270805 20270819 20270902 20270916,月
手稲区(2) 前田○条○丁目,札幌センター1,火 金,20260928 20261026 20261123 20270517 20270614 20270712 20270809 20270906,20260914 20261012 20261109 20261207 20270111 20270208 20270308 20270405 20270503 20270531 20270628 20270726 20270823 20270920,木,20260907 20260921 20261005 20261019 20261102 20261116 20261130 20261214 20261228 20270118 20270201 20270215 20270301 20270315 20270329 20270412 20270426 20270510 20270524 20270607 20270621 20270705 20270719 20270802 20270816 20270830 20270913 20270927,水
手稲区(2) 曙○条○丁目（曙12条2丁目・曙7条3丁目（明日風側）を除く）,札幌センター1,火 金,20260928 20261026 20261123 20270517 20270614 20270712 20270809 20270906,20260914 20261012 20261109 20261207 20270111 20270208 20270308 20270405 20270503 20270531 20270628 20270726 20270823 20270920,木,20260907 20260921 20261005 20261019 20261102 20261116 20261130 20261214 20261228 20270118 20270201 20270215 20270301 20270315 20270329 20270412 20270426 20270510 20270524 20270607 20270621 20270705 20270719 20270802 20270816 20270830 20270913 20270927,水
手稲区(2) 新発寒○条○丁目,札幌センター1,火 金,20260928 20261026 20261123 20270517 20270614 20270712 20270809 20270906,20260914 20261012 20261109 20261207 20270111 20270208 20270308 20270405 20270503 20270531 20270628 20270726 20270823 20270920,木,20260907 20260921 20261005 20261019 20261102 20261116 20261130 20261214 20261228 20270118 20270201 20270215 20270301 20270315 20270329 20270412 20270426 20270510 20270524 20270607 20270621 20270705 20270719 20270802 20270816 20270830 20270913 20270927,水
手稲区(2) 手稲前田○番地,札幌センター1,火 金,20260928 20261026 20261123 20270517 20270614 20270712 20270809 20270906,20260914 20261012 20261109 20261207 20270111 20270208 20270308 20270405 20270503 20270531 20270628 20270726 20270823 20270920,木,20260907 20260921 20261005 20261019 20261102 20261116 20261130 20261214 20261228 20270118 20270201 20270215 20270301 20270315 20270329 20270412 20270426 20270510 20270524 20270607 20270621 20270705 20270719 20270802 20270816 20270830 20270913 20270927,水
手稲区(3) 稲穂○条○丁目,札幌センター1,火 金,20260902 20260930 20261028 20261125 20270519 20270616 20270714 20270811 20270908,20260916 20261014 20261111 20261209 20270113 20270210 20270310 20270407 20270505 20270602 20270630 20270728 20270825 20270922,木,20260909 20260923 20261007 20261021 20261104 20261118 20261202 20261216 20270106 20270120 20270203 20270217 20270303 20270317 20270331 20270414 20270428 20270512 20270526 20270609 20270623 20270707 20270721 20270804 20270818 20270901 20270915 20270929,月
手稲区(3) 金山○条○丁目,札幌センター1,火 金,20260902 20260930 20261028 20261125 20270519 20270616 20270714 20270811 20270908,20260916 20261014 20261111 20261209 20270113 20270210 20270310 20270407 20270505 20270602 20270630 20270728 20270825 20270922,木,20260909 20260923 20261007 20261021 20261104 20261118 20261202 20261216 20270106 20270120 20270203 20270217 20270303 20270317 20270331 20270414 20270428 20270512 20270526 20270609 20270623 20270707 20270721 20270804 20270818 20270901 20270915 20270929,月
手稲区(3) 手稲金山○番地,札幌センター1,火 金,20260902 20260930 20261028 20261125 20270519 20270616 20270714 20270811 20270908,20260916 20261014 20261111 20261209 20270113 20270210 20270310 20270407 20270505 20270602 20270630 20270728 20270825 20270922,木,20260909 20260923 20261007 20261021 20261104 20261118 20261202 20261216 20270106 20270120 20270203 20270217 20270303 20270317 20270331 20270414 20270428 20270512 20270526 20270609 20270623 20270707 20270721 20270804 20270818 20270901 20270915 20270929,月
手稲区(3) 星置○条○丁目,札幌センター1,火 金,20260902 20260930 20261028 20261125 20270519 20270616 20270714 20270811 20270908,20260916 20261014 20261111 20261209 20270113 20270210 20270310 20270407 20270505 20270602 20270630 20270728 20270825 20270922,木,20260909 20260923 20261007 20261021 20261104 20261118 20261202 20261216 20270106 20270120 20270203 20270217 20270303 20270317 20270331 20270414 20270428 20270512 20270526 20270609 20270623 20270707 20270721 20270804 20270818 20270901 20270915 20270929,月
手稲区(3) 星置南○丁目,札幌センター1,火 金,20260902 20260930 20261028 20261125 20270519 20270616 20270714 20270811 20270908,20260916 20261014 20261111 20261209 20270113 20270210 20270310 20270407 20270505 20270602 20270630 20270728 20270825 20270922,木,20260909 20260923 20261007 20261021 20261104 20261118 20261202 20261216 20270106 20270120 20270203 20270217 20270303 20270317 20270331 20270414 20270428 20270512 20270526 20270609 20270623 20270707 20270721 20270804 20270818 20270901 20270915 20270929,月
手稲区(3) 手稲山口○番地,札幌センター1,火 金,20260902 20260930 20261028 20261125 20270519 20270616 20270714 20270811 20270908,20260916 20261014 20261111 20261209 20270113 20270210 20270310 20270407 20270505 20270602 20270630 20270728 20270825 20270922,木,20260909 20260923 20261007 20261021 20261104 20261118 20261202 20261216 20270106 20270120 20270203 20270217 20270303 20270317 20270331 20270414 20270428 20270512 20270526 20270609 20270623 20270707 20270721 20270804 20270818 20270901 20270915 20270929,月
手稲区(3) 明日風○丁目,札幌センター1,火 金,20260902 20260930 20261028 20261125 20270519 20270616 20270714 20270811 20270908,20260916 20261014 20261111 20261209 20270113 20270210 20270310 20270407 20270505 20270602 20270630 20270728 20270825 20270922,木,20260909 20260923 20261007 20261021 20261104 20261118 20261202 20261216 20270106 20270120 20270203 20270217 20270303 20270317 20270331 20270414 20270428 20270512 20270526 20270609 20270623 20270707 20270721 20270804 20270818 20270901 20270915 20270929,月
手稲区(3) 曙12条2丁目・曙7条3丁目（明日風側）,札幌センター1,火 金,20260902 20260930 20261028 20261125 20270519 20270616 20270714 20270811 20270908,20260916 20261014 20261111 20261209 20270113 20270210 20270310 20270407 20270505 20270602 20270630 20270728 20270825 20270922,木,20260909 20260923 20261007 20261021 20261104 20261118 20261202 20261216 20270106 20270120 20270203 20270217 20270303 20270317 20270331 20270414 20270428 20270512 20270526 20270609 20270623 20270707 20270721 20270804 20270818 20270901 20270915 20270929,月
清田区(1) 北野○条○丁目,札幌センター1,月 木,20260909 20261007 20261104 20261202 20270526 20270623 20270721 20270818 20270915,20260923 20261021 20261118 20261216 20270120 20270217 20270317 20270414 20270512 20270609 20270707 20270804 20270901 20270929,火,20260902 20260916 20260930 20261014 20261028 20261111 20261125 20261209 20261223 20270113 20270127 20270210 20270224 20270310 20270324 20270407 20270421 20270505 20270519 20270602 20270616 20270630 20270714 20270728 20270811 20270825 20270908 20270922,金
清田区(1) 清田○条○丁目、○番地,札幌センター1,月 木,20260909 20261007 20261104 20261202 20270526 20270623 20270721 20270818 20270915,20260923 20261021 20261118 20261216 20270120 20270217 20270317 20270414 20270512 20270609 20270707 20270804 20270901 20270929,火,20260902 20260916 20260930 20261014 20261028 20261111 20261125 20261209 20261223 20270113 20270127 20270210 20270224 20270310 20270324 20270407 20270421 20270505 20270519 20270602 20270616 20270630 20270714 20270728 20270811 20270825 20270908 20270922,金
清田区(1) 真栄○条○丁目、○番地,札幌センター1,月 木,20260909 20261007 20261104 20261202 20270526 20270623 20270721 20270818 20270915,20260923 20261021 20261118 20261216 20270120 20270217 20270317 20270414 20270512 20270609 20270707 20270804 20270901 20270929,火,20260902 20260916 20260930 20261014 20261028 20261111 20261125 20261209 20261223 20270113 20270127 20270210 20270224 20270310 20270324 20270407 20270421 20270505 20270519 20270602 20270616 20270630 20270714 20270728 20270811 20270825 20270908 20270922,金
清田区(1) 有明○番地,札幌センター1,月 木,20260909 20261007 20261104 20261202 20270526 20270623 20270721 20270818 20270915,20260923 20261021 20261118 20261216 20270120 20270217 20270317 20270414 20270512 20270609 20270707 20270804 20270901 20270929,火,20260902 20260916 20260930 20261014 20261028 20261111 20261125 20261209 20261223 20270113 20270127 20270210 20270224 20270310 20270324 20270407 20270421 20270505 20270519 20270602 20270616 20270630 20270714 20270728 20270811 20270825 20270908 20270922,金
清田区(1) 美しが丘1条～3条の1丁目・2丁目,札幌センター1,月 木,20260909 20261007 20261104 20261202 20270526 20270623 20270721 20270818 20270915,20260923 20261021 20261118 20261216 20270120 20270217 20270317 20270414 20270512 20270609 20270707 20270804 20270901 20270929,火,20260902 20260916 20260930 20261014 20261028 20261111 20261125 20261209 20261223 20270113 20270127 20270210 20270224 20270310 20270324 20270407 20270421 20270505 20270519 20270602 20270616 20270630 20270714 20270728 20270811 20270825 20270908 20270922,金
清田区(1) 美しが丘3条3丁目1番・2番・3番55,札幌センター1,月 木,20260909 20261007 20261104 20261202 20270526 20270623 20270721 20270818 20270915,20260923 20261021 20261118 20261216 20270120 20270217 20270317 20270414 20270512 20270609 20270707 20270804 20270901 20270929,火,20260902 20260916 20260930 20261014 20261028 20261111 20261125 20261209 20261223 20270113 20270127 20270210 20270224 20270310 20270324 20270407 20270421 20270505 20270519 20270602 20270616 20270630 20270714 20270728 20270811 20270825 20270908 20270922,金
清田区(2) 平岡○条○丁目,札幌センター1,月 木,20260911 20261009 20261106 20261204 20270528 20270625 20270723 20270820 20270917,20260925 20261023 20261120 20261218 20270122 20270219 20270319 20270416 20270514 20270611 20270709 20270806 20270903,水,20260904 20260918 20261002 20261016 20261030 20261113 20261127 20261211 20261225 20270115 20270129 20270212 20270226 20270312 20270326 20270409 20270423 20270507 20270521 20270604 20270618 20270702 20270716 20270730 20270813 20270827 20270910 20270924,火
清田区(2) 平岡公園東○丁目,札幌センター1,月 木,20260911 20261009 20261106 20261204 20270528 20270625 20270723 20270820 20270917,20260925 20261023 20261120 20261218 20270122 20270219 20270319 20270416 20270514 20270611 20270709 20270806 20270903,水,20260904 20260918 20261002 20261016 20261030 20261113 20261127 20261211 20261225 20270115 20270129 20270212 20270226 20270312 20270326 20270409 20270423 20270507 20270521 20270604 20270618 20270702 20270716 20270730 20270813 20270827 20270910 20270924,火
清田区(2) 里塚○条○丁目、○番地,札幌センター1,月 木,20260911 20261009 20261106 20261204 20270528 20270625 20270723 20270820 20270917,20260925 20261023 20261120 20261218 20270122 20270219 20270319 20270416 20270514 20270611 20270709 20270806 20270903,水,20260904 20260918 20261002 20261016 20261030 20261113 20261127 20261211 20261225 20270115 20270129 20270212 20270226 20270312 20270326 20270409 20270423 20270507 20270521 20270604 20270618 20270702 20270716 20270730 20270813 20270827 20270910 20270924,火
清田区(2) 里塚緑ヶ丘○丁目,札幌センター1,月 木,20260911 20261009 20261106 20261204 20270528 20270625 20270723 20270820 20270917,20260925 20261023 20261120 20261218 20270122 20270219 20270319 20270416 20270514 20270611 20270709 20270806 20270903,水,20260904 20260918 20261002 20261016 20261030 20261113 20261127 20261211 20261225 20270115 20270129 20270212 20270226 20270312 20270326 20270409 20270423 20270507 20270521 20270604 20270618 20270702 20270716 20270730 20270813 20270827 20270910 20270924,火
清田区(2) 美しが丘1条～3条の3丁目～10丁目（美しが丘3条3丁目1番・2番・3番55を除く）,札幌センター1,月 木,20260911 20261009 20261106 20261204 20270528 20270625 20270723 20270820 20270917,20260925 20261023 20261120 20261218 20270122 20270219 20270319 20270416 20270514 20270611 20270709 20270806 20270903,水,20260904 20260918 20261002 20261016 20261030 20261113 20261127 20261211 20261225 20270115 20270129 20270212 20270226 20270312 20270326 20270409 20270423 20270507 20270521 20270604 20270618 20270702 20270716 20270730 20270813 20270827 20270910 20270924,火
清田区(2) 美しが丘4条・5条の○丁目,札幌センター1,月 木,20260911 20261009 20261106 20261204 20270528 20270625 20270723 20270820 20270917,20260925 20261023 20261120 20261218 20270122 20270219 20270319 20270416 20270514 20270611 20270709 20270806 20270903,水,20260904 20260918 20261002 20261016 20261030 20261113 20261127 20261211 20261225 20270115 20270129 20270212 20270226 20270312 20270326 20270409 20270423 20270507 20270521 20270604 20270618 20270702 20270716 20270730 20270813 20270827 20270910 20270924,火
西区(1) 琴似○条○丁目,札幌センター1,月 木,20260904 20261002 20261030 20261127 20270521 20270618 20270716 20270813 20270910,20260918 20261016 20261113 20261211 20270115 20270212 20270312 20270409 20270507 20270604 20270702 20270730 20270827 20270924,火,20260911 20260925 20261009 20261023 20261106 20261120 20261204 20261218 20270108 20270122 20270205 20270219 20270305 20270319 20270402 20270416 20270430 20270514 20270528 20270611 20270625 20270709 20270723 20270806 20270820 20270903 20270917,水
西区(1) 二十四軒○条○丁目,札幌センター1,月 木,20260904 20261002 20261030 20261127 20270521 20270618 20270716 20270813 20270910,20260918 20261016 20261113 20261211 20270115 20270212 20270312 20270409 20270507 20270604 20270702 20270730 20270827 20270924,火,20260911 20260925 20261009 20261023 20261106 20261120 20261204 20261218 20270108 20270122 20270205 20270219 20270305 20270319 20270402 20270416 20270430 20270514 20270528 20270611 20270625 20270709 20270723 20270806 20270820 20270903 20270917,水
西区(1) 発寒○条○丁目,札幌センター1,月 木,20260904 20261002 20261030 20261127 20270521 20270618 20270716 20270813 20270910,20260918 20261016 20261113 20261211 20270115 20270212 20270312 20270409 20270507 20270604 20270702 20270730 20270827 20270924,火,20260911 20260925 20261009 20261023 20261106 20261120 20261204 20261218 20270108 20270122 20270205 20270219 20270305 20270319 20270402 20270416 20270430 20270514 20270528 20270611 20270625 20270709 20270723 20270806 20270820 20270903 20270917,水
西区(2) 山の手○条○丁目、○番地,札幌センター1,月 木,20260901 20260929 20261027 20261124 20270518 20270615 20270713 20270810 20270907,20260915 20261013 20261110 20261208 20270112 20270209 20270309 20270406 20270504 20270601 20270629 20270727 20270824 20270921,水,20260908 20260922 20261006 20261020 20261103 20261117 20261201 20261215 20261229 20270119 20270202 20270216 20270302 20270316 20270330 20270413 20270427 20270511 20270525 20270608 20270622 20270706 20270720 20270803 20270817 20270831 20270914 20270928,金
西区(2) 西野6条～14条の○丁目,札幌センター1,月 木,20260901 20260929 20261027 20261124 20270518 20270615 20270713 20270810 20270907,20260915 20261013 20261110 20261208 20270112 20270209 20270309 20270406 20270504 20270601 20270629 20270727 20270824 20270921,水,20260908 20260922 20261006 20261020 20261103 20261117 20261201 20261215 20261229 20270119 20270202 20270216 20270302 20270316 20270330 20270413 20270427 20270511 20270525 20270608 20270622 20270706 20270720 20270803 20270817 20270831 20270914 20270928,金
西区(2) 西野○番地（西野290番地を除く）,札幌センター1,月 木,20260901 20260929 20261027 20261124 20270518 20270615 20270713 20270810 20270907,20260915 20261013 20261110 20261208 20270112 20270209 20270309 20270406 20270504 20270601 20270629 20270727 20270824 20270921,水,20260908 20260922 20261006 20261020 20261103 20261117 20261201 20261215 20261229 20270119 20270202 20270216 20270302 20270316 20270330 20270413 20270427 20270511 20270525 20270608 20270622 20270706 20270720 20270803 20270817 20270831 20270914 20270928,金
西区(2) 平和○条○丁目、○番地,札幌センター1,月 木,20260901 20260929 20261027 20261124 20270518 20270615 20270713 20270810 20270907,20260915 20261013 20261110 20261208 20270112 20270209 20270309 20270406 20270504 20270601 20270629 20270727 20270824 20270921,水,20260908 20260922 20261006 20261020 20261103 20261117 20261201 20261215 20261229 20270119 20270202 20270216 20270302 20270316 20270330 20270413 20270427 20270511 20270525 20270608 20270622 20270706 20270720 20270803 20270817 20270831 20270914 20270928,金
西区(2) 福井○丁目、○番地,札幌センター1,月 木,20260901 20260929 20261027 20261124 20270518 20270615 20270713 20270810 20270907,20260915 20261013 20261110 20261208 20270112 20270209 20270309 20270406 20270504 20270601 20270629 20270727 20270824 20270921,水,20260908 20260922 20261006 20261020 20261103 20261117 20261201 20261215 20261229 20270119 20270202 20270216 20270302 20270316 20270330 20270413 20270427 20270511 20270525 20270608 20270622 20270706 20270720 20270803 20270817 20270831 20270914 20270928,金
西区(2) 小別沢○番地,札幌センター1,月 木,20260901 20260929 20261027 20261124 20270518 20270615 20270713 20270810 20270907,20260915 20261013 20261110 20261208 20270112 20270209 20270309 20270406 20270504 20270601 20270629 20270727 20270824 20270921,水,20260908 20260922 20261006 20261020 20261103 20261117 20261201 20261215 20261229 20270119 20270202 20270216 20270302 20270316 20270330 20270413 20270427 20270511 20270525 20270608 20270622 20270706 20270720 20270803 20270817 20270831 20270914 20270928,金
西区(3) 西野1条～5条の○丁目（西野290番地）,札幌センター1,月 木,20260902 20260930 20261028 20261125 20270519 20270616 20270714 20270811 20270908,20260916 20261014 20261111 20261209 20270113 20270210 20270310 20270407 20270505 20270602 20270630 20270728 20270825 20270922,金,20260909 20260923 20261007 20261021 20261104 20261118 20261202 20261216 20270106 20270120 20270203 20270217 20270303 20270317 20270331 20270414 20270428 20270512 20270526 20270609 20270623 20270707 20270721 20270804 20270818 20270901 20270915 20270929,火
西区(3) 西町北○丁目、南○丁目,札幌センター1,月 木,20260902 20260930 20261028 20261125 20270519 20270616 20270714 20270811 20270908,20260916 20261014 20261111 20261209 20270113 20270210 20270310 20270407 20270505 20270602 20270630 20270728 20270825 20270922,金,20260909 20260923 20261007 20261021 20261104 20261118 20261202 20261216 20270106 20270120 20270203 20270217 20270303 20270317 20270331 20270414 20270428 20270512 20270526 20270609 20270623 20270707 20270721 20270804 20270818 20270901 20270915 20270929,火
西区(3) 宮の沢○条○丁目、○番地,札幌センター1,月 木,20260902 20260930 20261028 20261125 20270519 20270616 20270714 20270811 20270908,20260916 20261014 20261111 20261209 20270113 20270210 20270310 20270407 20270505 20270602 20270630 20270728 20270825 20270922,金,20260909 20260923 20261007 20261021 20261104 20261118 20261202 20261216 20270106 20270120 20270203 20270217 20270303 20270317 20270331 20270414 20270428 20270512 20270526 20270609 20270623 20270707 20270721 20270804 20270818 20270901 20270915 20270929,火
西区(4) 八軒○条西○丁目,札幌センター1,火 金,20260902 20260930 20261028 20261125 20270519 20270616 20270714 20270811 20270908,20260916 20261014 20261111 20261209 20270113 20270210 20270310 20270407 20270505 20270602 20270630 20270728 20270825 20270922,月,20260909 20260923 20261007 20261021 20261104 20261118 20261202 20261216 20270106 20270120 20270203 20270217 20270303 20270317 20270331 20270414 20270428 20270512 20270526 20270609 20270623 20270707 20270721 20270804 20270818 20270901 20270915 20270929,木
西区(4) 八軒○条東○丁目,札幌センター1,火 金,20260902 20260930 20261028 20261125 20270519 20270616 20270714 20270811 20270908,20260916 20261014 20261111 20261209 20270113 20270210 20270310 20270407 20270505 20270602 20270630 20270728 20270825 20270922,月,20260909 20260923 20261007 20261021 20261104 20261118 20261202 20261216 20270106 20270120 20270203 20270217 20270303 20270317 20270331 20270414 20270428 20270512 20270526 20270609 20270623 20270707 20270721 20270804 20270818 20270901 20270915 20270929,木
東区(1) 北34条～51条の東1丁目～15丁目,札幌センター1,月 木,20260922 20261020 20261117 20270511 20270608 20270706 20270803 20270831 20270928,20260908 20261006 20261103 20261201 20261229 20270202 20270302 20270330 20270427 20270525 20270622 20270720 20270817 20270914,水,20260901 20260915 20260929 20261013 20261027 20261110 20261124 20261208 20261222 20270112 20270126 20270209 20270223 20270309 20270323 20270406 20270420 20270504 20270518 20270601 20270615 20270629 20270713 20270727 20270810 20270824 20270907 20270921,金
東区(2) 北34条～49条の東16丁目～30丁目,札幌センター1,月 木,20260923 20261021 20261118 20270512 20270609 20270707 20270804 20270901 20270929,20260909 20261007 20261104 20261202 20270106 20270203 20270303 20270331 20270428 20270526 20270623 20270721 20270818 20270915,金,20260902 20260916 20260930 20261014 20261028 20261111 20261125 20261209 20261223 20270113 20270127 20270210 20270224 20270310 20270324 20270407 20270421 20270505 20270519 20270602 20270616 20270630 20270714 20270728 20270811 20270825 20270908 20270922,火
東区(2) 伏古11条～14条の1丁目～5丁目,札幌センター1,月 木,20260923 20261021 20261118 20270512 20270609 20270707 20270804 20270901 20270929,20260909 20261007 20261104 20261202 20270106 20270203 20270303 20270331 20270428 20270526 20270623 20270721 20270818 20270915,金,20260902 20260916 20260930 20261014 20261028 20261111 20261125 20261209 20261223 20270113 20270127 20270210 20270224 20270310 20270324 20270407 20270421 20270505 20270519 20270602 20270616 20270630 20270714 20270728 20270811 20270825 20270908 20270922,火
東区(2) 丘珠町○番地,札幌センター1,月 木,20260923 20261021 20261118 20270512 20270609 20270707 20270804 20270901 20270929,20260909 20261007 20261104 20261202 20270106 20270203 20270303 20270331 20270428 20270526 20270623 20270721 20270818 20270915,金,20260902 20260916 20260930 20261014 20261028 20261111 20261125 20261209 20261223 20270113 20270127 20270210 20270224 20270310 20270324 20270407 20270421 20270505 20270519 20270602 20270616 20270630 20270714 20270728 20270811 20270825 20270908 20270922,火
東区(2) 栄町○番地,札幌センター1,月 木,20260923 20261021 20261118 20270512 20270609 20270707 20270804 20270901 20270929,20260909 20261007 20261104 20261202 20270106 20270203 20270303 20270331 20270428 20270526 20270623 20270721 20270818 20270915,金,20260902 20260916 20260930 20261014 20261028 20261111 20261125 20261209 20261223 20270113 20270127 20270210 20270224 20270310 20270324 20270407 20270421 20270505 20270519 20270602 20270616 20270630 20270714 20270728 20270811 20270825 20270908 20270922,火
東区(2) 北丘珠○条○丁目,札幌センター1,月 木,20260923 20261021 20261118 20270512 20270609 20270707 20270804 20270901 20270929,20260909 20261007 20261104 20261202 20270106 20270203 20270303 20270331 20270428 20270526 20270623 20270721 20270818 20270915,金,20260902 20260916 20260930 20261014 20261028 20261111 20261125 20261209 20261223 20270113 20270127 20270210 20270224 20270310 20270324 20270407 20270421 20270505 20270519 20270602 20270616 20270630 20270714 20270728 20270811 20270825 20270908 20270922,火
東区(2) 東苗穂町○番地,札幌センター1,月 木,20260923 20261021 20261118 20270512 20270609 20270707 20270804 20270901 20270929,20260909 20261007 20261104 20261202 20270106 20270203 20270303 20270331 20270428 20270526 20270623 20270721 20270818 20270915,金,20260902 20260916 20260930 20261014 20261028 20261111 20261125 20261209 20261223 20270113 20270127 20270210 20270224 20270310 20270324 20270407 20270421 20270505 20270519 20270602 20270616 20270630 20270714 20270728 20270811 20270825 20270908 20270922,火
東区(3) 伏古1条～10条の1丁目～5丁目,札幌センター1,月 木,20260925 20261023 20261120 20270514 20270611 20270709 20270806 20270903,20260911 20261009 20261106 20261204 20270108 20270205 20270305 20270402 20270430 20270528 20270625 20270723 20270820 20270917,火,20260904 20260918 20261002 20261016 20261030 20261113 20261127 20261211 20261225 20270115 20270129 20270212 20270226 20270312 20270326 20270409 20270423 20270507 20270521 20270604 20270618 20270702 20270716 20270730 20270813 20270827 20270910 20270924,水
東区(3) 東苗穂○条○丁目,札幌センター1,月 木,20260925 20261023 20261120 20270514 20270611 20270709 20270806 20270903,20260911 20261009 20261106 20261204 20270108 20270205 20270305 20270402 20270430 20270528 20270625 20270723 20270820 20270917,火,20260904 20260918 20261002 20261016 20261030 20261113 20261127 20261211 20261225 20270115 20270129 20270212 20270226 20270312 20270326 20270409 20270423 20270507 20270521 20270604 20270618 20270702 20270716 20270730 20270813 20270827 20270910 20270924,水
東区(3) 東雁来○条○丁目,札幌センター1,月 木,20260925 20261023 20261120 20270514 20270611 20270709 20270806 20270903,20260911 20261009 20261106 20261204 20270108 20270205 20270305 20270402 20270430 20270528 20270625 20270723 20270820 20270917,火,20260904 20260918 20261002 20261016 20261030 20261113 20261127 20261211 20261225 20270115 20270129 20270212 20270226 20270312 20270326 20270409 20270423 20270507 20270521 20270604 20270618 20270702 20270716 20270730 20270813 20270827 20270910 20270924,水
東区(3) 東雁来町○番地,札幌センター1,月 木,20260925 20261023 20261120 20270514 20270611 20270709 20270806 20270903,20260911 20261009 20261106 20261204 20270108 20270205 20270305 20270402 20270430 20270528 20270625 20270723 20270820 20270917,火,20260904 20260918 20261002 20261016 20261030 20261113 20261127 20261211 20261225 20270115 20270129 20270212 20270226 20270312 20270326 20270409 20270423 20270507 20270521 20270604 20270618 20270702 20270716 20270730 20270813 20270827 20270910 20270924,水
東区(3) 中沼○条○丁目,札幌センター1,月 木,20260925 20261023 20261120 20270514 20270611 20270709 20270806 20270903,20260911 20261009 20261106 20261204 20270108 20270205 20270305 20270402 20270430 20270528 20270625 20270723 20270820 20270917,火,20260904 20260918 20261002 20261016 20261030 20261113 20261127 20261211 20261225 20270115 20270129 20270212 20270226 20270312 20270326 20270409 20270423 20270507 20270521 20270604 20270618 20270702 20270716 20270730 20270813 20270827 20270910 20270924,水
東区(3) 中沼町○番地,札幌センター1,月 木,20260925 20261023 20261120 20270514 20270611 20270709 20270806 20270903,20260911 20261009 20261106 20261204 20270108 20270205 20270305 20270402 20270430 20270528 20270625 20270723 20270820 20270917,火,20260904 20260918 20261002 20261016 20261030 20261113 20261127 20261211 20261225 20270115 20270129 20270212 20270226 20270312 20270326 20270409 20270423 20270507 20270521 20270604 20270618 20270702 20270716 20270730 20270813 20270827 20270910 20270924,水
東区(3) 中沼西○条○丁目,札幌センター1,月 木,20260925 20261023 20261120 20270514 20270611 20270709 20270806 20270903,20260911 20261009 20261106 20261204 20270108 20270205 20270305 20270402 20270430 20270528 20270625 20270723 20270820 20270917,火,20260904 20260918 20261002 20261016 20261030 20261113 20261127 20261211 20261225 20270115 20270129 20270212 20270226 20270312 20270326 20270409 20270423 20270507 20270521 20270604 20270618 20270702 20270716 20270730 20270813 20270827 20270910 20270924,水
東区(4) 北5条～33条の東1丁目～7丁目,札幌センター1,火 金,20260921 20261019 20261116 20270510 20270607 20270705 20270802 20270830 20270927,20260907 20261005 20261102 20261130 20261228 20270201 20270301 20270329 20270426 20270524 20270621 20270719 20270816 20270913,水,20260914 20260928 20261012 20261026 20261109 20261123 20261207 20261221 20270111 20270125 20270208 20270222 20270308 20270322 20270405 20270419 20270503 20270517 20270531 20270614 20270628 20270712 20270726 20270809 20270823 20270906 20270920,木
東区(5) 北15条～33条の東8丁目～15丁目,札幌センター1,火 金,20260923 20261021 20261118 20270512 20270609 20270707 20270804 20270901 20270929,20260909 20261007 20261104 20261202 20270106 20270203 20270303 20270331 20270428 20270526 20270623 20270721 20270818 20270915,木,20260902 20260916 20260930 20261014 20261028 20261111 20261125 20261209 20261223 20270113 20270127 20270210 20270224 20270310 20270324 20270407 20270421 20270505 20270519 20270602 20270616 20270630 20270714 20270728 20270811 20270825 20270908 20270922,月
東区(6) 北4条～14条の東8丁目～20丁目,札幌センター1,火 金,20260924 20261022 20261119 20270513 20270610 20270708 20270805 20270902,20260910 20261008 20261105 20261203 20270107 20270204 20270304 20270401 20270429 20270527 20270624 20270722 20270819 20270916,月,20260903 20260917 20261001 20261015 20261029 20261112 20261126 20261210 20261224 20270114 20270128 20270211 20270225 20270311 20270325 20270408 20270422 20270506 20270520 20270603 20270617 20270701 20270715 20270729 20270812 20270826 20270909 20270923,水
東区(6) 北15条～33条の東16丁目～23丁目,札幌センター1,火 金,20260924 20261022 20261119 20270513 20270610 20270708 20270805 20270902,20260910 20261008 20261105 20261203 20270107 20270204 20270304 20270401 20270429 20270527 20270624 20270722 20270819 20270916,月,20260903 20260917 20261001 20261015 20261029 20261112 20261126 20261210 20261224 20270114 20270128 20270211 20270225 20270311 20270325 20270408 20270422 20270506 20270520 20270603 20270617 20270701 20270715 20270729 20270812 20270826 20270909 20270923,水
東区(6) 苗穂町○丁目,札幌センター1,火 金,20260924 20261022 20261119 20270513 20270610 20270708 20270805 20270902,20260910 20261008 20261105 20261203 20270107 20270204 20270304 20270401 20270429 20270527 20270624 20270722 20270819 20270916,月,20260903 20260917 20261001 20261015 20261029 20261112 20261126 20261210 20261224 20270114 20270128 20270211 20270225 20270311 20270325 20270408 20270422 20270506 20270520 20270603 20270617 20270701 20270715 20270729 20270812 20270826 20270909 20270923,水
東区(6) 本町○条○丁目,札幌センター1,火 金,20260924 20261022 20261119 20270513 20270610 20270708 20270805 20270902,20260910 20261008 20261105 20261203 20270107 20270204 20270304 20270401 20270429 20270527 20270624 20270722 20270819 20270916,月,20260903 20260917 20261001 20261015 20261029 20261112 20261126 20261210 20261224 20270114 20270128 20270211 20270225 20270311 20270325 20270408 20270422 20270506 20270520 20270603 20270617 20270701 20270715 20270729 20270812 20270826 20270909 20270923,水
北区(1) 北6条～31条の西○丁目,札幌センター1,月 木,20260923 20261021 20261118 20270512 20270609 20270707 20270804 20270901 20270929,20260909 20261007 20261104 20261202 20270106 20270203 20270303 20270331 20270428 20270526 20270623 20270721 20270818 20270915,火,20260902 20260916 20260930 20261014 20261028 20261111 20261125 20261209 20261223 20270113 20270127 20270210 20270224 20270310 20270324 20270407 20270421 20270505 20270519 20270602 20270616 20270630 20270714 20270728 20270811 20270825 20270908 20270922,金
北区(1) 北32条西2丁目～12丁目,札幌センター1,月 木,20260923 20261021 20261118 20270512 20270609 20270707 20270804 20270901 20270929,20260909 20261007 20261104 20261202 20270106 20270203 20270303 20270331 20270428 20270526 20270623 20270721 20270818 20270915,火,20260902 20260916 20260930 20261014 20261028 20261111 20261125 20261209 20261223 20270113 20270127 20270210 20270224 20270310 20270324 20270407 20270421 20270505 20270519 20270602 20270616 20270630 20270714 20270728 20270811 20270825 20270908 20270922,金
北区(1) 北33条西2丁目～8丁目,札幌センター1,月 木,20260923 20261021 20261118 20270512 20270609 20270707 20270804 20270901 20270929,20260909 20261007 20261104 20261202 20270106 20270203 20270303 20270331 20270428 20270526 20270623 20270721 20270818 20270915,火,20260902 20260916 20260930 20261014 20261028 20261111 20261125 20261209 20261223 20270113 20270127 20270210 20270224 20270310 20270324 20270407 20270421 20270505 20270519 20270602 20270616 20270630 20270714 20270728 20270811 20270825 20270908 20270922,金
北区(2) 新川○条○丁目、○番地,札幌センター1,月 木,20260922 20261020 20261117 20270511 20270608 20270706 20270803 20270831 20270928,20260908 20261006 20261103 20261201 20261229 20270202 20270302 20270330 20270427 20270525 20270622 20270720 20270817 20270914,金,20260901 20260915 20260929 20261013 20261027 20261110 20261124 20261208 20261222 20270112 20270126 20270209 20270223 20270309 20270323 20270406 20270420 20270504 20270518 20270601 20270615 20270629 20270713 20270727 20270810 20270824 20270907 20270921,水
北区(2) 新川西○条○丁目,札幌センター1,月 木,20260922 20261020 20261117 20270511 20270608 20270706 20270803 20270831 20270928,20260908 20261006 20261103 20261201 20261229 20270202 20270302 20270330 20270427 20270525 20270622 20270720 20270817 20270914,金,20260901 20260915 20260929 20261013 20261027 20261110 20261124 20261208 20261222 20270112 20270126 20270209 20270223 20270309 20270323 20270406 20270420 20270504 20270518 20270601 20270615 20270629 20270713 20270727 20270810 20270824 20270907 20270921,水
北区(2) 新琴似1条～3条の12丁目・13丁目,札幌センター1,月 木,20260922 20261020 20261117 20270511 20270608 20270706 20270803 20270831 20270928,20260908 20261006 20261103 20261201 20261229 20270202 20270302 20270330 20270427 20270525 20270622 20270720 20270817 20270914,金,20260901 20260915 20260929 20261013 20261027 20261110 20261124 20261208 20261222 20270112 20270126 20270209 20270223 20270309 20270323 20270406 20270420 20270504 20270518 20270601 20270615 20270629 20270713 20270727 20270810 20270824 20270907 20270921,水
北区(2) 新琴似4条～10条の12丁目～17丁目,札幌センター1,月 木,20260922 20261020 20261117 20270511 20270608 20270706 20270803 20270831 20270928,20260908 20261006 20261103 20261201 20261229 20270202 20270302 20270330 20270427 20270525 20270622 20270720 20270817 20270914,金,20260901 20260915 20260929 20261013 20261027 20261110 20261124 20261208 20261222 20270112 20270126 20270209 20270223 20270309 20270323 20270406 20270420 20270504 20270518 20270601 20270615 20270629 20270713 20270727 20270810 20270824 20270907 20270921,水
北区(2) 新琴似11条・12条の14丁目～17丁目,札幌センター1,月 木,20260922 20261020 20261117 20270511 20270608 20270706 20270803 20270831 20270928,20260908 20261006 20261103 20261201 20261229 20270202 20270302 20270330 20270427 20270525 20270622 20270720 20270817 20270914,金,20260901 20260915 20260929 20261013 20261027 20261110 20261124 20261208 20261222 20270112 20270126 20270209 20270223 20270309 20270323 20270406 20270420 20270504 20270518 20270601 20270615 20270629 20270713 20270727 20270810 20270824 20270907 20270921,水
北区(2) 新琴似町○番地,札幌センター1,月 木,20260922 20261020 20261117 20270511 20270608 20270706 20270803 20270831 20270928,20260908 20261006 20261103 20261201 20261229 20270202 20270302 20270330 20270427 20270525 20270622 20270720 20270817 20270914,金,20260901 20260915 20260929 20261013 20261027 20261110 20261124 20261208 20261222 20270112 20270126 20270209 20270223 20270309 20270323 20270406 20270420 20270504 20270518 20270601 20270615 20270629 20270713 20270727 20270810 20270824 20270907 20270921,水
北区(3) 新琴似1条～10条の1丁目～11丁目,札幌センター1,月 木,20260925 20261023 20261120 20270514 20270611 20270709 20270806 20270903,20260911 20261009 20261106 20261204 20270108 20270205 20270305 20270402 20270430 20270528 20270625 20270723 20270820 20270917,水,20260904 20260918 20261002 20261016 20261030 20261113 20261127 20261211 20261225 20270115 20270129 20270212 20270226 20270312 20270326 20270409 20270423 20270507 20270521 20270604 20270618 20270702 20270716 20270730 20270813 20270827 20270910 20270924,火
北区(3) 新琴似11条・12条の1丁目～13丁目,札幌センター1,月 木,20260925 20261023 20261120 20270514 20270611 20270709 20270806 20270903,20260911 20261009 20261106 20261204 20270108 20270205 20270305 20270402 20270430 20270528 20270625 20270723 20270820 20270917,水,20260904 20260918 20261002 20261016 20261030 20261113 20261127 20261211 20261225 20270115 20270129 20270212 20270226 20270312 20270326 20270409 20270423 20270507 20270521 20270604 20270618 20270702 20270716 20270730 20270813 20270827 20270910 20270924,火
北区(4) 屯田○条○丁目,札幌センター1,火 金,20260921 20261019 20261116 20270510 20270607 20270705 20270802 20270830 20270927,20260907 20261005 20261102 20261130 20261228 20270201 20270301 20270329 20270426 20270524 20270621 20270719 20270816 20270913,水,20260914 20260928 20261012 20261026 20261109 20261123 20261207 20261221 20270111 20270125 20270208 20270222 20270308 20270322 20270405 20270419 20270503 20270517 20270531 20270614 20270628 20270712 20270726 20270809 20270823 20270906 20270920,木
北区(4) 屯田町○番地,札幌センター1,火 金,20260921 20261019 20261116 20270510 20270607 20270705 20270802 20270830 20270927,20260907 20261005 20261102 20261130 20261228 20270201 20270301 20270329 20270426 20270524 20270621 20270719 20270816 20270913,水,20260914 20260928 20261012 20261026 20261109 20261123 20261207 20261221 20270111 20270125 20270208 20270222 20270308 20270322 20270405 20270419 20270503 20270517 20270531 20270614 20270628 20270712 20270726 20270809 20270823 20270906 20270920,木
北区(5) 麻生町○丁目,札幌センター1,火 金,20260923 20261021 20261118 20270512 20270609 20270707 20270804 20270901 20270929,20260909 20261007 20261104 20261202 20270106 20270203 20270303 20270331 20270428 20270526 20270623 20270721 20270818 20270915,木,20260902 20260916 20260930 20261014 20261028 20261111 20261125 20261209 20261223 20270113 20270127 20270210 20270224 20270310 20270324 20270407 20270421 20270505 20270519 20270602 20270616 20270630 20270714 20270728 20270811 20270825 20270908 20270922,月
北区(5) 北32条西13丁目,札幌センター1,火 金,20260923 20261021 20261118 20270512 20270609 20270707 20270804 20270901 20270929,20260909 20261007 20261104 20261202 20270106 20270203 20270303 20270331 20270428 20270526 20270623 20270721 20270818 20270915,木,20260902 20260916 20260930 20261014 20261028 20261111 20261125 20261209 20261223 20270113 20270127 20270210 20270224 20270310 20270324 20270407 20270421 20270505 20270519 20270602 20270616 20270630 20270714 20270728 20270811 20270825 20270908 20270922,月
北区(5) 北33条西9丁目～12丁目,札幌センター1,火 金,20260923 20261021 20261118 20270512 20270609 20270707 20270804 20270901 20270929,20260909 20261007 20261104 20261202 20270106 20270203 20270303 20270331 20270428 20270526 20270623 20270721 20270818 20270915,木,20260902 20260916 20260930 20261014 20261028 20261111 20261125 20261209 20261223 20270113 20270127 20270210 20270224 20270310 20270324 20270407 20270421 20270505 20270519 20270602 20270616 20270630 20270714 20270728 20270811 20270825 20270908 20270922,月
北区(5) 北34条～40条の西○丁目,札幌センター1,火 金,20260923 20261021 20261118 20270512 20270609 20270707 20270804 20270901 20270929,20260909 20261007 20261104 20261202 20270106 20270203 20270303 20270331 20270428 20270526 20270623 20270721 20270818 20270915,木,20260902 20260916 20260930 20261014 20261028 20261111 20261125 20261209 20261223 20270113 20270127 20270210 20270224 20270310 20270324 20270407 20270421 20270505 20270519 20270602 20270616 20270630 20270714 20270728 20270811 20270825 20270908 20270922,月
北区(5) 太平○条○丁目,札幌センター1,火 金,20260923 20261021 20261118 20270512 20270609 20270707 20270804 20270901 20270929,20260909 20261007 20261104 20261202 20270106 20270203 20270303 20270331 20270428 20270526 20270623 20270721 20270818 20270915,木,20260902 20260916 20260930 20261014 20261028 20261111 20261125 20261209 20261223 20270113 20270127 20270210 20270224 20270310 20270324 20270407 20270421 20270505 20270519 20270602 20270616 20270630 20270714 20270728 20270811 20270825 20270908 20270922,月
北区(5) 篠路町太平○番地,札幌センター1,火 金,20260923 20261021 20261118 20270512 20270609 20270707 20270804 20270901 20270929,20260909 20261007 20261104 20261202 20270106 20270203 20270303 20270331 20270428 20270526 20270623 20270721 20270818 20270915,木,20260902 20260916 20260930 20261014 20261028 20261111 20261125 20261209 20261223 20270113 20270127 20270210 20270224 20270310 20270324 20270407 20270421 20270505 20270519 20270602 20270616 20270630 20270714 20270728 20270811 20270825 20270908 20270922,月
北区(5) 百合が原○丁目,札幌センター1,火 金,20260923 20261021 20261118 20270512 20270609 20270707 20270804 20270901 20270929,20260909 20261007 20261104 20261202 20270106 20270203 20270303 20270331 20270428 20270526 20270623 20270721 20270818 20270915,木,20260902 20260916 20260930 20261014 20261028 20261111 20261125 20261209 20261223 20270113 20270127 20270210 20270224 20270310 20270324 20270407 20270421 20270505 20270519 20270602 20270616 20270630 20270714 20270728 20270811 20270825 20270908 20270922,月
北区(6) 篠路○条○丁目,札幌センター1,火 金,20260924 20261022 20261119 20270513 20270610 20270708 20270805 20270902,20260910 20261008 20261105 20261203 20270107 20270204 20270304 20270401 20270429 20270527 20270624 20270722 20270819 20270916,月,20260903 20260917 20261001 20261015 20261029 20261112 20261126 20261210 20261224 20270114 20270128 20270211 20270225 20270311 20270325 20270408 20270422 20270506 20270520 20270603 20270617 20270701 20270715 20270729 20270812 20270826 20270909 20270923,水
北区(6) 篠路町篠路○番地,札幌センター1,火 金,20260924 20261022 20261119 20270513 20270610 20270708 20270805 20270902,20260910 20261008 20261105 20261203 20270107 20270204 20270304 20270401 20270429 20270527 20270624 20270722 20270819 20270916,月,20260903 20260917 20261001 20261015 20261029 20261112 20261126 20261210 20261224 20270114 20270128 20270211 20270225 20270311 20270325 20270408 20270422 20270506 20270520 20270603 20270617 20270701 20270715 20270729 20270812 20270826 20270909 20270923,水
北区(6) 篠路町福移○番地,札幌センター1,火 金,20260924 20261022 20261119 20270513 20270610 20270708 20270805 20270902,20260910 20261008 20261105 20261203 20270107 20270204 20270304 20270401 20270429 20270527 20270624 20270722 20270819 20270916,月,20260903 20260917 20261001 20261015 20261029 20261112 20261126 20261210 20261224 20270114 20270128 20270211 20270225 20270311 20270325 20270408 20270422 20270506 20270520 20270603 20270617 20270701 20270715 20270729 20270812 20270826 20270909 20270923,水
北区(6) 篠路町上篠路○番地,札幌センター1,火 金,20260924 20261022 20261119 20270513 20270610 20270708 20270805 20270902,20260910 20261008 20261105 20261203 20270107 20270204 20270304 20270401 20270429 20270527 20270624 20270722 20270819 20270916,月,20260903 20260917 20261001 20261015 20261029 20261112 20261126 20261210 20261224 20270114 20270128 20270211 20270225 20270311 20270325 20270408 20270422 20270506 20270520 20270603 20270617 20270701 20270715 20270729 20270812 20270826 20270909 20270923,水
北区(6) 西茨戸○条○丁目、○番地,札幌センター1,火 金,20260924 20261022 20261119 20270513 20270610 20270708 20270805 20270902,20260910 20261008 20261105 20261203 20270107 20270204 20270304 20270401 20270429 20270527 20270624 20270722 20270819 20270916,月,20260903 20260917 20261001 20261015 20261029 20261112 20261126 20261210 20261224 20270114 20270128 20270211 20270225 20270311 20270325 20270408 20270422 20270506 20270520 20270603 20270617 20270701 20270715 20270729 20270812 20270826 20270909 20270923,水
北区(6) 東茨戸○条○丁目、○番地,札幌センター1,火 金,20260924 20261022 20261119 20270513 20270610 20270708 20270805 20270902,20260910 20261008 20261105 20261203 20270107 20270204 20270304 20270401 20270429 20270527 20270624 20270722 20270819 20270916,月,20260903 20260917 20261001 20261015 20261029 20261112 20261126 20261210 20261224 20270114 20270128 20270211 20270225 20270311 20270325 20270408 20270422 20270506 20270520 20270603 20270617 20270701 20270715 20270729 20270812 20270826 20270909 20270923,水
北区(6) 拓北○条○丁目,札幌センター1,火 金,20260924 20261022 20261119 20270513 20270610 20270708 20270805 20270902,20260910 20261008 20261105 20261203 20270107 20270204 20270304 20270401 20270429 20270527 20270624 20270722 20270819 20270916,月,20260903 20260917 20261001 20261015 20261029 20261112 20261126 20261210 20261224 20270114 20270128 20270211 20270225 20270311 20270325 20270408 20270422 20270506 20270520 20270603 20270617 20270701 20270715 20270729 20270812 20270826 20270909 20270923,水
北区(6) 篠路町拓北○番地,札幌センター1,火 金,20260924 20261022 20261119 20270513 20270610 20270708 20270805 20270902,20260910 20261008 20261105 20261203 20270107 20270204 20270304 20270401 20270429 20270527 20270624 20270722 20270819 20270916,月,20260903 20260917 20261001 20261015 20261029 20261112 20261126 20261210 20261224 20270114 20270128 20270211 20270225 20270311 20270325 20270408 20270422 20270506 20270520 20270603 20270617 20270701 20270715 20270729 20270812 20270826 20270909 20270923,水
北区(6) あいの里○条○丁目,札幌センター1,火 金,20260924 20261022 20261119 20270513 20270610 20270708 20270805 20270902,20260910 20261008 20261105 20261203 20270107 20270204 20270304 20270401 20270429 20270527 20270624 20270722 20270819 20270916,月,20260903 20260917 20261001 20261015 20261029 20261112 20261126 20261210 20261224 20270114 20270128 20270211 20270225 20270311 20270325 20270408 20270422 20270506 20270520 20270603 20270617 20270701 20270715 20270729 20270812 20270826 20270909 20270923,水
北区(6) 南あいの里○丁目,札幌センター1,火 金,20260924 20261022 20261119 20270513 20270610 20270708 20270805 20270902,20260910 20261008 20261105 20261203 20270107 20270204 20270304 20270401 20270429 20270527 20270624 20270722 20270819 20270916,月,20260903 20260917 20261001 20261015 20261029 20261112 20261126 20261210 20261224 20270114 20270128 20270211 20270225 20270311 20270325 20270408 20270422 20270506 20270520 20270603 20270617 20270701 20270715 20270729 20270812 20270826 20270909 20270923,水
南区(1) 澄川2条4丁目（12番～14番）・澄川2条5丁目,札幌センター1,月 木,20260904 20261002 20261030 20261127 20270521 20270618 20270716 20270813 20270910,20260918 20261016 20261113 20261211 20270115 20270212 20270312 20270409 20270507 20270604 20270702 20270730 20270827 20270924,火,20260911 20260925 20261009 20261023 20261106 20261120 20261204 20261218 20270108 20270122 20270205 20270219 20270305 20270319 20270402 20270416 20270430 20270514 20270528 20270611 20270625 20270709 20270723 20270806 20270820 20270903 20270917,水
南区(1) 澄川3条4丁目（7番）・澄川3条5丁目・6丁目,札幌センター1,月 木,20260904 20261002 20261030 20261127 20270521 20270618 20270716 20270813 20270910,20260918 20261016 20261113 20261211 20270115 20270212 20270312 20270409 20270507 20270604 20270702 20270730 20270827 20270924,火,20260911 20260925 20261009 20261023 20261106 20261120 20261204 20261218 20270108 20270122 20270205 20270219 20270305 20270319 20270402 20270416 20270430 20270514 20270528 20270611 20270625 20270709 20270723 20270806 20270820 20270903 20270917,水
南区(1) 澄川4条4丁目（1番18号～27号、2番～11番）・澄川4条5丁目～12丁目,札幌センター1,月 木,20260904 20261002 20261030 20261127 20270521 20270618 20270716 20270813 20270910,20260918 20261016 20261113 20261211 20270115 20270212 20270312 20270409 20270507 20270604 20270702 20270730 20270827 20270924,火,20260911 20260925 20261009 20261023 20261106 20261120 20261204 20261218 20270108 20270122 20270205 20270219 20270305 20270319 20270402 20270416 20270430 20270514 20270528 20270611 20270625 20270709 20270723 20270806 20270820 20270903 20270917,水
南区(1) 澄川5条4丁目（1番・7番～9番）・澄川5条5丁目（1番～9番（9番1～5を除く））,札幌センター1,月 木,20260904 20261002 20261030 20261127 20270521 20270618 20270716 20270813 20270910,20260918 20261016 20261113 20261211 20270115 20270212 20270312 20270409 20270507 20270604 20270702 20270730 20270827 20270924,火,20260911 20260925 20261009 20261023 20261106 20261120 20261204 20261218 20270108 20270122 20270205 20270219 20270305 20270319 20270402 20270416 20270430 20270514 20270528 20270611 20270625 20270709 20270723 20270806 20270820 20270903 20270917,水
南区(1) 澄川5条6丁目（1番～8番）・澄川5条7丁目～13丁目,札幌センター1,月 木,20260904 20261002 20261030 20261127 20270521 20270618 20270716 20270813 20270910,20260918 20261016 20261113 20261211 20270115 20270212 20270312 20270409 20270507 20270604 20270702 20270730 20270827 20270924,火,20260911 20260925 20261009 20261023 20261106 20261120 20261204 20261218 20270108 20270122 20270205 20270219 20270305 20270319 20270402 20270416 20270430 20270514 20270528 20270611 20270625 20270709 20270723 20270806 20270820 20270903 20270917,水
南区(1) 澄川6条7丁目～13丁目,札幌センター1,月 木,20260904 20261002 20261030 20261127 20270521 20270618 20270716 20270813 20270910,20260918 20261016 20261113 20261211 20270115 20270212 20270312 20270409 20270507 20270604 20270702 20270730 20270827 20270924,火,20260911 20260925 20261009 20261023 20261106 20261120 20261204 20261218 20270108 20270122 20270205 20270219 20270305 20270319 20270402 20270416 20270430 20270514 20270528 20270611 20270625 20270709 20270723 20270806 20270820 20270903 20270917,水
南区(1) 澄川○番地,札幌センター1,月 木,20260904 20261002 20261030 20261127 20270521 20270618 20270716 20270813 20270910,20260918 20261016 20261113 20261211 20270115 20270212 20270312 20270409 20270507 20270604 20270702 20270730 20270827 20270924,火,20260911 20260925 20261009 20261023 20261106 20261120 20261204 20261218 20270108 20270122 20270205 20270219 20270305 20270319 20270402 20270416 20270430 20270514 20270528 20270611 20270625 20270709 20270723 20270806 20270820 20270903 20270917,水
南区(1) 真駒内柏丘・東町・幸町・泉町・南町の○丁目,札幌センター1,月 木,20260904 20261002 20261030 20261127 20270521 20270618 20270716 20270813 20270910,20260918 20261016 20261113 20261211 20270115 20270212 20270312 20270409 20270507 20270604 20270702 20270730 20270827 20270924,火,20260911 20260925 20261009 20261023 20261106 20261120 20261204 20261218 20270108 20270122 20270205 20270219 20270305 20270319 20270402 20270416 20270430 20270514 20270528 20270611 20270625 20270709 20270723 20270806 20270820 20270903 20270917,水
南区(2) 石山○条○丁目、○番地（石山1条1丁目12番を除く）,札幌センター1,月 木,20260901 20260929 20261027 20261124 20270518 20270615 20270713 20270810 20270907,20260915 20261013 20261110 20261208 20270112 20270209 20270309 20270406 20270504 20270601 20270629 20270727 20270824 20270921,水,20260908 20260922 20261006 20261020 20261103 20261117 20261201 20261215 20261229 20270119 20270202 20270216 20270302 20270316 20270330 20270413 20270427 20270511 20270525 20270608 20270622 20270706 20270720 20270803 20270817 20270831 20270914 20270928,金
南区(2) 石山東○丁目,札幌センター1,月 木,20260901 20260929 20261027 20261124 20270518 20270615 20270713 20270810 20270907,20260915 20261013 20261110 20261208 20270112 20270209 20270309 20270406 20270504 20270601 20270629 20270727 20270824 20270921,水,20260908 20260922 20261006 20261020 20261103 20261117 20261201 20261215 20261229 20270119 20270202 20270216 20270302 20270316 20270330 20270413 20270427 20270511 20270525 20270608 20270622 20270706 20270720 20270803 20270817 20270831 20270914 20270928,金
南区(2) 常盤○条○丁目、○番地,札幌センター1,月 木,20260901 20260929 20261027 20261124 20270518 20270615 20270713 20270810 20270907,20260915 20261013 20261110 20261208 20270112 20270209 20270309 20270406 20270504 20270601 20270629 20270727 20270824 20270921,水,20260908 20260922 20261006 20261020 20261103 20261117 20261201 20261215 20261229 20270119 20270202 20270216 20270302 20270316 20270330 20270413 20270427 20270511 20270525 20270608 20270622 20270706 20270720 20270803 20270817 20270831 20270914 20270928,金
南区(2) 滝野○番地,札幌センター1,月 木,20260901 20260929 20261027 20261124 20270518 20270615 20270713 20270810 20270907,20260915 20261013 20261110 20261208 20270112 20270209 20270309 20270406 20270504 20270601 20270629 20270727 20270824 20270921,水,20260908 20260922 20261006 20261020 20261103 20261117 20261201 20261215 20261229 20270119 20270202 20270216 20270302 20270316 20270330 20270413 20270427 20270511 20270525 20270608 20270622 20270706 20270720 20270803 20270817 20270831 20270914 20270928,金
南区(2) 真駒内○番地（自衛隊真駒内駐屯地を除く）,札幌センター1,月 木,20260901 20260929 20261027 20261124 20270518 20270615 20270713 20270810 20270907,20260915 20261013 20261110 20261208 20270112 20270209 20270309 20270406 20270504 20270601 20270629 20270727 20270824 20270921,水,20260908 20260922 20261006 20261020 20261103 20261117 20261201 20261215 20261229 20270119 20270202 20270216 20270302 20270316 20270330 20270413 20270427 20270511 20270525 20270608 20270622 20270706 20270720 20270803 20270817 20270831 20270914 20270928,金
南区(2) 芸術の森○丁目,札幌センター1,月 木,20260901 20260929 20261027 20261124 20270518 20270615 20270713 20270810 20270907,20260915 20261013 20261110 20261208 20270112 20270209 20270309 20270406 20270504 20270601 20270629 20270727 20270824 20270921,水,20260908 20260922 20261006 20261020 20261103 20261117 20261201 20261215 20261229 20270119 20270202 20270216 20270302 20270316 20270330 20270413 20270427 20270511 20270525 20270608 20270622 20270706 20270720 20270803 20270817 20270831 20270914 20270928,金
南区(3) 藤野○条○丁目、○番地,札幌センター1,月 木,20260902 20260930 20261028 20261125 20270519 20270616 20270714 20270811 20270908,20260916 20261014 20261111 20261209 20270113 20270210 20270310 20270407 20270505 20270602 20270630 20270728 20270825 20270922,金,20260909 20260923 20261007 20261021 20261104 20261118 20261202 20261216 20270106 20270120 20270203 20270217 20270303 20270317 20270331 20270414 20270428 20270512 20270526 20270609 20270623 20270707 20270721 20270804 20270818 20270901 20270915 20270929,火
南区(3) 白川○番地,札幌センター1,月 木,20260902 20260930 20261028 20261125 20270519 20270616 20270714 20270811 20270908,20260916 20261014 20261111 20261209 20270113 20270210 20270310 20270407 20270505 20270602 20270630 20270728 20270825 20270922,金,20260909 20260923 20261007 20261021 20261104 20261118 20261202 20261216 20270106 20270120 20270203 20270217 20270303 20270317 20270331 20270414 20270428 20270512 20270526 20270609 20270623 20270707 20270721 20270804 20270818 20270901 20270915 20270929,火
南区(3) 簾舞○条○丁目、○番地,札幌センター1,月 木,20260902 20260930 20261028 20261125 20270519 20270616 20270714 20270811 20270908,20260916 20261014 20261111 20261209 20270113 20270210 20270310 20270407 20270505 20270602 20270630 20270728 20270825 20270922,金,20260909 20260923 20261007 20261021 20261104 20261118 20261202 20261216 20270106 20270120 20270203 20270217 20270303 20270317 20270331 20270414 20270428 20270512 20270526 20270609 20270623 20270707 20270721 20270804 20270818 20270901 20270915 20270929,火
南区(3) 砥山○番地,札幌センター1,月 木,20260902 20260930 20261028 20261125 20270519 20270616 20270714 20270811 20270908,20260916 20261014 20261111 20261209 20270113 20270210 20270310 20270407 20270505 20270602 20270630 20270728 20270825 20270922,金,20260909 20260923 20261007 20261021 20261104 20261118 20261202 20261216 20270106 20270120 20270203 20270217 20270303 20270317 20270331 20270414 20270428 20270512 20270526 20270609 20270623 20270707 20270721 20270804 20270818 20270901 20270915 20270929,火
南区(3) 豊滝○丁目、○番地,札幌センター1,月 木,20260902 20260930 20261028 20261125 20270519 20270616 20270714 20270811 20270908,20260916 20261014 20261111 20261209 20270113 20270210 20270310 20270407 20270505 20270602 20270630 20270728 20270825 20270922,金,20260909 20260923 20261007 20261021 20261104 20261118 20261202 20261216 20270106 20270120 20270203 20270217 20270303 20270317 20270331 20270414 20270428 20270512 20270526 20270609 20270623 20270707 20270721 20270804 20270818 20270901 20270915 20270929,火
南区(3) 硬石山○番地,札幌センター1,月 木,20260902 20260930 20261028 20261125 20270519 20270616 20270714 20270811 20270908,20260916 20261014 20261111 20261209 20270113 20270210 20270310 20270407 20270505 20270602 20270630 20270728 20270825 20270922,金,20260909 20260923 20261007 20261021 20261104 20261118 20261202 20261216 20270106 20270120 20270203 20270217 20270303 20270317 20270331 20270414 20270428 20270512 20270526 20270609 20270623 20270707 20270721 20270804 20270818 20270901 20270915 20270929,火
南区(3) 小金湯○番地,札幌センター1,月 木,20260902 20260930 20261028 20261125 20270519 20270616 20270714 20270811 20270908,20260916 20261014 20261111 20261209 20270113 20270210 20270310 20270407 20270505 20270602 20270630 20270728 20270825 20270922,金,20260909 20260923 20261007 20261021 20261104 20261118 20261202 20261216 20270106 20270120 20270203 20270217 20270303 20270317 20270331 20270414 20270428 20270512 20270526 20270609 20270623 20270707 20270721 20270804 20270818 20270901 20270915 20270929,火
南区(3) 定山渓温泉西・東の○丁目,札幌センター1,月 木,20260902 20260930 20261028 20261125 20270519 20270616 20270714 20270811 20270908,20260916 20261014 20261111 20261209 20270113 20270210 20270310 20270407 20270505 20270602 20270630 20270728 20270825 20270922,金,20260909 20260923 20261007 20261021 20261104 20261118 20261202 20261216 20270106 20270120 20270203 20270217 20270303 20270317 20270331 20270414 20270428 20270512 20270526 20270609 20270623 20270707 20270721 20270804 20270818 20270901 20270915 20270929,火
南区(3) 定山渓○番地,札幌センター1,月 木,20260902 20260930 20261028 20261125 20270519 20270616 20270714 20270811 20270908,20260916 20261014 20261111 20261209 20270113 20270210 20270310 20270407 20270505 20270602 20270630 20270728 20270825 20270922,金,20260909 20260923 20261007 20261021 20261104 20261118 20261202 20261216 20270106 20270120 20270203 20270217 20270303 20270317 20270331 20270414 20270428 20270512 20270526 20270609 20270623 20270707 20270721 20270804 20270818 20270901 20270915 20270929,火
南区(4) 澄川1条1丁目～4丁目,札幌センター1,火 金,20260928 20261026 20261123 20270517 20270614 20270712 20270809 20270906,20260914 20261012 20261109 20261207 20270111 20270208 20270308 20270405 20270503 20270531 20270628 20270726 20270823 20270920,木,20260907 20260921 20261005 20261019 20261102 20261116 20261130 20261214 20261228 20270118 20270201 20270215 20270301 20270315 20270329 20270412 20270426 20270510 20270524 20270607 20270621 20270705 20270719 20270802 20270816 20270830 20270913 20270927,水
南区(4) 澄川2条1丁目～3丁目・4丁目（1番～11番）,札幌センター1,火 金,20260928 20261026 20261123 20270517 20270614 20270712 20270809 20270906,20260914 20261012 20261109 20261207 20270111 20270208 20270308 20270405 20270503 20270531 20270628 20270726 20270823 20270920,木,20260907 20260921 20261005 20261019 20261102 20261116 20261130 20261214 20261228 20270118 20270201 20270215 20270301 20270315 20270329 20270412 20270426 20270510 20270524 20270607 20270621 20270705 20270719 20270802 20270816 20270830 20270913 20270927,水
南区(4) 澄川3条1丁目～3丁目・4丁目（1番～6番）,札幌センター1,火 金,20260928 20261026 20261123 20270517 20270614 20270712 20270809 20270906,20260914 20261012 20261109 20261207 20270111 20270208 20270308 20270405 20270503 20270531 20270628 20270726 20270823 20270920,木,20260907 20260921 20261005 20261019 20261102 20261116 20261130 20261214 20261228 20270118 20270201 20270215 20270301 20270315 20270329 20270412 20270426 20270510 20270524 20270607 20270621 20270705 20270719 20270802 20270816 20270830 20270913 20270927,水
南区(4) 澄川4条1丁目～3丁目・4丁目（1番1号～17号）,札幌センター1,火 金,20260928 20261026 20261123 20270517 20270614 20270712 20270809 20270906,20260914 20261012 20261109 20261207 20270111 20270208 20270308 20270405 20270503 20270531 20270628 20270726 20270823 20270920,木,20260907 20260921 20261005 20261019 20261102 20261116 20261130 20261214 20261228 20270118 20270201 20270215 20270301 20270315 20270329 20270412 20270426 20270510 20270524 20270607 20270621 20270705 20270719 20270802 20270816 20270830 20270913 20270927,水
南区(4) 澄川5条3丁目・4丁目（2番～6番）,札幌センター1,火 金,20260928 20261026 20261123 20270517 20270614 20270712 20270809 20270906,20260914 20261012 20261109 20261207 20270111 20270208 20270308 20270405 20270503 20270531 20270628 20270726 20270823 20270920,木,20260907 20260921 20261005 20261019 20261102 20261116 20261130 20261214 20261228 20270118 20270201 20270215 20270301 20270315 20270329 20270412 20270426 20270510 20270524 20270607 20270621 20270705 20270719 20270802 20270816 20270830 20270913 20270927,水
南区(4) 澄川5条5丁目（9番1～5、10番～19番）・澄川5条6丁目（9番～14番）,札幌センター1,火 金,20260928 20261026 20261123 20270517 20270614 20270712 20270809 20270906,20260914 20261012 20261109 20261207 20270111 20270208 20270308 20270405 20270503 20270531 20270628 20270726 20270823 20270920,木,20260907 20260921 20261005 20261019 20261102 20261116 20261130 20261214 20261228 20270118 20270201 20270215 20270301 20270315 20270329 20270412 20270426 20270510 20270524 20270607 20270621 20270705 20270719 20270802 20270816 20270830 20270913 20270927,水
南区(4) 澄川6条3丁目～6丁目,札幌センター1,火 金,20260928 20261026 20261123 20270517 20270614 20270712 20270809 20270906,20260914 20261012 20261109 20261207 20270111 20270208 20270308 20270405 20270503 20270531 20270628 20270726 20270823 20270920,木,20260907 20260921 20261005 20261019 20261102 20261116 20261130 20261214 20261228 20270118 20270201 20270215 20270301 20270315 20270329 20270412 20270426 20270510 20270524 20270607 20270621 20270705 20270719 20270802 20270816 20270830 20270913 20270927,水
南区(4) 真駒内本町・曙町・上町・緑町の○丁目,札幌センター1,火 金,20260928 20261026 20261123 20270517 20270614 20270712 20270809 20270906,20260914 20261012 20261109 20261207 20270111 20270208 20270308 20270405 20270503 20270531 20270628 20270726 20270823 20270920,木,20260907 20260921 20261005 20261019 20261102 20261116 20261130 20261214 20261228 20270118 20270201 20270215 20270301 20270315 20270329 20270412 20270426 20270510 20270524 20270607 20270621 20270705 20270719 20270802 20270816 20270830 20270913 20270927,水
南区(4) 真駒内○番地（自衛隊真駒内駐屯地のみ）,札幌センター1,火 金,20260928 20261026 20261123 20270517 20270614 20270712 20270809 20270906,20260914 20261012 20261109 20261207 20270111 20270208 20270308 20270405 20270503 20270531 20270628 20270726 20270823 20270920,木,20260907 20260921 20261005 20261019 20261102 20261116 20261130 20261214 20261228 20270118 20270201 20270215 20270301 20270315 20270329 20270412 20270426 20270510 20270524 20270607 20270621 20270705 20270719 20270802 20270816 20270830 20270913 20270927,水
南区(5) 南30条～39条の西○丁目,札幌センター1,火 金,20260903 20261001 20261029 20261126 20270520 20270617 20270715 20270812 20270909,20260917 20261015 20261112 20261210 20270114 20270211 20270311 20270408 20270506 20270603 20270701 20270729 20270826 20270923,月,20260910 20260924 20261008 20261022 20261105 20261119 20261203 20261217 20270107 20270121 20270204 20270218 20270304 20270318 20270401 20270415 20270429 20270513 20270527 20270610 20270624 20270708 20270722 20270805 20270819 20270902 20270916,水
南区(5) 藻岩下○丁目、○番地,札幌センター1,火 金,20260903 20261001 20261029 20261126 20270520 20270617 20270715 20270812 20270909,20260917 20261015 20261112 20261210 20270114 20270211 20270311 20270408 20270506 20270603 20270701 20270729 20270826 20270923,月,20260910 20260924 20261008 20261022 20261105 20261119 20261203 20261217 20270107 20270121 20270204 20270218 20270304 20270318 20270401 20270415 20270429 20270513 20270527 20270610 20270624 20270708 20270722 20270805 20270819 20270902 20270916,水
南区(5) 川沿1条～6条の○丁目,札幌センター1,火 金,20260903 20261001 20261029 20261126 20270520 20270617 20270715 20270812 20270909,20260917 20261015 20261112 20261210 20270114 20270211 20270311 20270408 20270506 20270603 20270701 20270729 20270826 20270923,月,20260910 20260924 20261008 20261022 20261105 20261119 20261203 20261217 20270107 20270121 20270204 20270218 20270304 20270318 20270401 20270415 20270429 20270513 20270527 20270610 20270624 20270708 20270722 20270805 20270819 20270902 20270916,水
南区(5) 北ノ沢○丁目、○番地,札幌センター1,火 金,20260903 20261001 20261029 20261126 20270520 20270617 20270715 20270812 20270909,20260917 20261015 20261112 20261210 20270114 20270211 20270311 20270408 20270506 20270603 20270701 20270729 20270826 20270923,月,20260910 20260924 20261008 20261022 20261105 20261119 20261203 20261217 20270107 20270121 20270204 20270218 20270304 20270318 20270401 20270415 20270429 20270513 20270527 20270610 20270624 20270708 20270722 20270805 20270819 20270902 20270916,水
南区(5) 中ノ沢○丁目、○番地,札幌センター1,火 金,20260903 20261001 20261029 20261126 20270520 20270617 20270715 20270812 20270909,20260917 20261015 20261112 20261210 20270114 20270211 20270311 20270408 20270506 20270603 20270701 20270729 20270826 20270923,月,20260910 20260924 20261008 20261022 20261105 20261119 20261203 20261217 20270107 20270121 20270204 20270218 20270304 20270318 20270401 20270415 20270429 20270513 20270527 20270610 20270624 20270708 20270722 20270805 20270819 20270902 20270916,水
南区(6) 南沢○条○丁目、○番地（南沢1条3丁目1番5～14、20番、21番を除く）,札幌センター1,火 金,20260902 20260930 20261028 20261125 20270519 20270616 20270714 20270811 20270908,20260916 20261014 20261111 20261209 20270113 20270210 20270310 20270407 20270505 20270602 20270630 20270728 20270825 20270922,月,20260909 20260923 20261007 20261021 20261104 20261118 20261202 20261216 20270106 20270120 20270203 20270217 20270303 20270317 20270331 20270414 20270428 20270512 20270526 20270609 20270623 20270707 20270721 20270804 20270818 20270901 20270915 20270929,木
南区(7) 川沿7条～18条の○丁目,札幌センター1,火 金,20260903 20261001 20261029 20261126 20270520 20270617 20270715 20270812 20270909,20260917 20261015 20261112 20261210 20270114 20270211 20270311 20270408 20270506 20270603 20270701 20270729 20270826 20270923,水,20260910 20260924 20261008 20261022 20261105 20261119 20261203 20261217 20270107 20270121 20270204 20270218 20270304 20270318 20270401 20270415 20270429 20270513 20270527 20270610 20270624 20270708 20270722 20270805 20270819 20270902 20270916,月
南区(7) 南沢1条3丁目1番5～14、20番、21番,札幌センター1,火 金,20260903 20261001 20261029 20261126 20270520 20270617 20270715 20270812 20270909,20260917 20261015 20261112 20261210 20270114 20270211 20270311 20270408 20270506 20270603 20270701 20270729 20270826 20270923,水,20260910 20260924 20261008 20261022 20261105 20261119 20261203 20261217 20270107 20270121 20270204 20270218 20270304 20270318 20270401 20270415 20270429 20270513 20270527 20270610 20270624 20270708 20270722 20270805 20270819 20270902 20270916,月
南区(7) 石山1条1丁目12番,札幌センター1,火 金,20260903 20261001 20261029 20261126 20270520 20270617 20270715 20270812 20270909,20260917 20261015 20261112 20261210 20270114 20270211 20270311 20270408 20270506 20270603 20270701 20270729 20270826 20270923,水,20260910 20260924 20261008 20261022 20261105 20261119 20261203 20261217 20270107 20270121 20270204 20270218 20270304 20270318 20270401 20270415 20270429 20270513 20270527 20270610 20270624 20270708 20270722 20270805 20270819 20270902 20270916,月
豊平区(1) 豊平○条○丁目,札幌センター1,火 金,20260907 20261005 20261102 20261130 20270524 20270621 20270719 20270816 20270913,20260921 20261019 20261116 20261214 20270118 20270215 20270315 20270412 20270510 20270607 20270705 20270802 20270830 20270927,水,20260914 20260928 20261012 20261026 20261109 20261123 20261207 20261221 20270111 20270125 20270208 20270222 20270308 20270322 20270405 20270419 20270503 20270517 20270531 20270614 20270628 20270712 20270726 20270809 20270823 20270906 20270920,木
豊平区(1) 旭町○丁目,札幌センター1,火 金,20260907 20261005 20261102 20261130 20270524 20270621 20270719 20270816 20270913,20260921 20261019 20261116 20261214 20270118 20270215 20270315 20270412 20270510 20270607 20270705 20270802 20270830 20270927,水,20260914 20260928 20261012 20261026 20261109 20261123 20261207 20261221 20270111 20270125 20270208 20270222 20270308 20270322 20270405 20270419 20270503 20270517 20270531 20270614 20270628 20270712 20270726 20270809 20270823 20270906 20270920,木
豊平区(1) 水車町○丁目,札幌センター1,火 金,20260907 20261005 20261102 20261130 20270524 20270621 20270719 20270816 20270913,20260921 20261019 20261116 20261214 20270118 20270215 20270315 20270412 20270510 20270607 20270705 20270802 20270830 20270927,水,20260914 20260928 20261012 20261026 20261109 20261123 20261207 20261221 20270111 20270125 20270208 20270222 20270308 20270322 20270405 20270419 20270503 20270517 20270531 20270614 20270628 20270712 20270726 20270809 20270823 20270906 20270920,木
豊平区(2) 中の島○条○丁目,札幌センター1,火 金,20260909 20261007 20261104 20261202 20270526 20270623 20270721 20270818 20270915,20260923 20261021 20261118 20261216 20270120 20270217 20270317 20270414 20270512 20270609 20270707 20270804 20270901 20270929,木,20260902 20260916 20260930 20261014 20261028 20261111 20261125 20261209 20261223 20270113 20270127 20270210 20270224 20270310 20270324 20270407 20270421 20270505 20270519 20270602 20270616 20270630 20270714 20270728 20270811 20270825 20270908 20270922,月
豊平区(2) 平岸○条○丁目,札幌センター1,火 金,20260909 20261007 20261104 20261202 20270526 20270623 20270721 20270818 20270915,20260923 20261021 20261118 20261216 20270120 20270217 20270317 20270414 20270512 20270609 20270707 20270804 20270901 20270929,木,20260902 20260916 20260930 20261014 20261028 20261111 20261125 20261209 20261223 20270113 20270127 20270210 20270224 20270310 20270324 20270407 20270421 20270505 20270519 20270602 20270616 20270630 20270714 20270728 20270811 20270825 20270908 20270922,月
豊平区(2) 美園○条○丁目,札幌センター1,火 金,20260909 20261007 20261104 20261202 20270526 20270623 20270721 20270818 20270915,20260923 20261021 20261118 20261216 20270120 20270217 20270317 20270414 20270512 20270609 20270707 20270804 20270901 20270929,木,20260902 20260916 20260930 20261014 20261028 20261111 20261125 20261209 20261223 20270113 20270127 20270210 20270224 20270310 20270324 20270407 20270421 20270505 20270519 20270602 20270616 20270630 20270714 20270728 20270811 20270825 20270908 20270922,月
豊平区(2) 月寒西1条2丁目1番45～62,札幌センター1,火 金,20260909 20261007 20261104 20261202 20270526 20270623 20270721 20270818 20270915,20260923 20261021 20261118 20261216 20270120 20270217 20270317 20270414 20270512 20270609 20270707 20270804 20270901 20270929,木,20260902 20260916 20260930 20261014 20261028 20261111 20261125 20261209 20261223 20270113 20270127 20270210 20270224 20270310 20270324 20270407 20270421 20270505 20270519 20270602 20270616 20270630 20270714 20270728 20270811 20270825 20270908 20270922,月
豊平区(2) 月寒西1条3丁目1番（35～38のみ）,札幌センター1,火 金,20260909 20261007 20261104 20261202 20270526 20270623 20270721 20270818 20270915,20260923 20261021 20261118 20261216 20270120 20270217 20270317 20270414 20270512 20270609 20270707 20270804 20270901 20270929,木,20260902 20260916 20260930 20261014 20261028 20261111 20261125 20261209 20261223 20270113 20270127 20270210 20270224 20270310 20270324 20270407 20270421 20270505 20270519 20270602 20270616 20270630 20270714 20270728 20270811 20270825 20270908 20270922,月
豊平区(2) 月寒西2条4丁目1番,札幌センター1,火 金,20260909 20261007 20261104 20261202 20270526 20270623 20270721 20270818 20270915,20260923 20261021 20261118 20261216 20270120 20270217 20270317 20270414 20270512 20270609 20270707 20270804 20270901 20270929,木,20260902 20260916 20260930 20261014 20261028 20261111 20261125 20261209 20261223 20270113 20270127 20270210 20270224 20270310 20270324 20270407 20270421 20270505 20270519 20270602 20270616 20270630 20270714 20270728 20270811 20270825 20270908 20270922,月
豊平区(2) 月寒中央通1丁目1番20,札幌センター1,火 金,20260909 20261007 20261104 20261202 20270526 20270623 20270721 20270818 20270915,20260923 20261021 20261118 20261216 20270120 20270217 20270317 20270414 20270512 20270609 20270707 20270804 20270901 20270929,木,20260902 20260916 20260930 20261014 20261028 20261111 20261125 20261209 20261223 20270113 20270127 20270210 20270224 20270310 20270324 20270407 20270421 20270505 20270519 20270602 20270616 20270630 20270714 20270728 20270811 20270825 20270908 20270922,月
豊平区(3) 西岡○条○丁目、○番地,札幌センター1,火 金,20260910 20261008 20261105 20261203 20270527 20270624 20270722 20270819 20270916,20260924 20261022 20261119 20261217 20270121 20270218 20270318 20270415 20270513 20270610 20270708 20270805 20270902,月,20260903 20260917 20261001 20261015 20261029 20261112 20261126 20261210 20261224 20270114 20270128 20270211 20270225 20270311 20270325 20270408 20270422 20270506 20270520 20270603 20270617 20270701 20270715 20270729 20270812 20270826 20270909 20270923,水
豊平区(3) 福住○条○丁目,札幌センター1,火 金,20260910 20261008 20261105 20261203 20270527 20270624 20270722 20270819 20270916,20260924 20261022 20261119 20261217 20270121 20270218 20270318 20270415 20270513 20270610 20270708 20270805 20270902,月,20260903 20260917 20261001 20261015 20261029 20261112 20261126 20261210 20261224 20270114 20270128 20270211 20270225 20270311 20270325 20270408 20270422 20270506 20270520 20270603 20270617 20270701 20270715 20270729 20270812 20270826 20270909 20270923,水
豊平区(3) 羊ヶ丘7番地,札幌センター1,火 金,20260910 20261008 20261105 20261203 20270527 20270624 20270722 20270819 20270916,20260924 20261022 20261119 20261217 20270121 20270218 20270318 20270415 20270513 20270610 20270708 20270805 20270902,月,20260903 20260917 20261001 20261015 20261029 20261112 20261126 20261210 20261224 20270114 20270128 20270211 20270225 20270311 20270325 20270408 20270422 20270506 20270520 20270603 20270617 20270701 20270715 20270729 20270812 20270826 20270909 20270923,水
豊平区(4) 月寒東○条○丁目,札幌センター1,月 木,20260908 20261006 20261103 20261201 20270525 20270622 20270720 20270817 20270914,20260922 20261020 20261117 20261215 20270119 20270216 20270316 20270413 20270511 20270608 20270706 20270803 20270831 20270928,金,20260901 20260915 20260929 20261013 20261027 20261110 20261124 20261208 20261222 20270112 20270126 20270209 20270223 20270309 20270323 20270406 20270420 20270504 20270518 20270601 20270615 20270629 20270713 20270727 20270810 20270824 20270907 20270921,水
豊平区(4) 月寒西○条○丁目（月寒西1条2丁目1番45～62・月寒西1条3丁目1番35～38・月寒西2条4丁目1番を除く）,札幌センター1,月 木,20260908 20261006 20261103 20261201 20270525 20270622 20270720 20270817 20270914,20260922 20261020 20261117 20261215 20270119 20270216 20270316 20270413 20270511 20270608 20270706 20270803 20270831 20270928,金,20260901 20260915 20260929 20261013 20261027 20261110 20261124 20261208 20261222 20270112 20270126 20270209 20270223 20270309 20270323 20270406 20270420 20270504 20270518 20270601 20270615 20270629 20270713 20270727 20270810 20270824 20270907 20270921,水
豊平区(4) 月寒中央通○丁目（月寒中央通1丁目1番20を除く）,札幌センター1,月 木,20260908 20261006 20261103 20261201 20270525 20270622 20270720 20270817 20270914,20260922 20261020 20261117 20261215 20270119 20270216 20270316 20270413 20270511 20270608 20270706 20270803 20270831 20270928,金,20260901 20260915 20260929 20261013 20261027 20261110 20261124 20261208 20261222 20270112 20270126 20270209 20270223 20270309 20270323 20270406 20270420 20270504 20270518 20270601 20270615 20270629 20270713 20270727 20270810 20270824 20270907 20270921,水
豊平区(4) 羊ヶ丘1番地,札幌センター1,月 木,20260908 20261006 20261103 20261201 20270525 20270622 20270720 20270817 20270914,20260922 20261020 20261117 20261215 20270119 20270216 20270316 20270413 20270511 20270608 20270706 20270803 20270831 20270928,金,20260901 20260915 20260929 20261013 20261027 20261110 20261124 20261208 20261222 20270112 20270126 20270209 20270223 20270309 20270323 20270406 20270420 20270504 20270518 20270601 20270615 20270629 20270713 20270727 20270810 20270824 20270907 20270921,水
